timestamp,volume,vw,open,close,high,low,transactions
2020-09-30 04:00:00,338549492.0,10.3208,10.0,9.5,11.42,9.11,811535
2020-10-01 04:00:00,129660350.0,9.5933,9.69,9.46,10.1,9.23,390409
2020-10-02 04:00:00,56343795.0,9.1253,9.06,9.2,9.28,8.94,175321
2020-10-05 04:00:00,36951976.0,9.1074,9.43,9.03,9.49,8.92,131670
2020-10-06 04:00:00,91313619.0,9.6767,9.04,9.9,10.18,8.9,243323
2020-10-07 04:00:00,55469945.0,10.2519,10.04,10.0,10.49,9.99,178587
2020-10-08 04:00:00,35995168.0,10.2022,10.29,10.0,10.4,9.99,113550
2020-10-09 04:00:00,20204367.0,10.0233,10.13,9.95,10.19,9.89,62992
2020-10-12 04:00:00,20975708.0,9.936,10.04,9.89,10.05,9.66,66988
2020-10-13 04:00:00,22160337.0,9.5647,9.88,9.47,9.88,9.41,83405
2020-10-14 04:00:00,14101180.0,9.4384,9.6,9.34,9.66,9.29,58335
2020-10-15 04:00:00,13148853.0,9.527,9.27,9.91,9.91,9.18,47367
2020-10-16 04:00:00,11535929.0,9.7695,9.94,9.71,9.95,9.66,46919
2020-10-19 04:00:00,9333008.0,9.6411,9.79,9.57,9.82,9.53,41497
2020-10-20 04:00:00,11291094.0,9.4237,9.6,9.27,9.66,9.27,41462
2020-10-21 04:00:00,9424019.0,9.2931,9.3,9.2,9.48,9.2,41283
2020-10-22 04:00:00,18124924.0,9.5533,9.37,9.68,9.75,9.22,68756
2020-10-23 04:00:00,12980138.0,9.6137,9.71,9.49,9.83,9.47,48110
2020-10-26 04:00:00,24188457.0,9.7971,9.72,9.95,9.97,9.6,79615
2020-10-27 04:00:00,54271624.0,10.5718,10.0,10.95,11.04,9.92,155485
2020-10-28 04:00:00,31926944.0,10.5964,10.66,10.85,10.985,10.1,95933
2020-10-29 04:00:00,20812272.0,10.8882,10.9,10.75,11.1,10.56,68593
2020-10-30 04:00:00,19928843.0,10.1999,10.61,10.13,10.68,9.85,66882
2020-11-02 05:00:00,12026142.0,10.4152,10.23,10.54,10.57,10.23,42321
2020-11-03 05:00:00,21994100.0,10.6852,10.57,10.5,10.94,10.44,79227
2020-11-04 05:00:00,16019267.0,10.7512,10.82,10.72,10.92,10.55,57143
2020-11-05 05:00:00,49022580.0,11.6889,10.9,11.88,12.13,10.85,156268
2020-11-06 05:00:00,91141147.0,13.8193,12.22,13.83,14.96,12.05,327540
2020-11-09 05:00:00,62551205.0,15.0501,14.96,14.67,15.9,14.11,222163
2020-11-10 05:00:00,38871537.0,13.9957,14.99,14.0,15.01,13.18,138077
2020-11-11 05:00:00,47328286.0,15.2479,14.57,15.96,15.97,14.4,161652
2020-11-12 05:00:00,100700648.0,15.1934,16.66,14.58,17.06,14.41,368320
2020-11-13 05:00:00,78142028.0,15.3436,14.49,15.8,16.0,14.49,284154
2020-11-16 05:00:00,68381528.0,15.7881,15.96,15.93,16.1,15.01,258398
2020-11-17 05:00:00,117539897.0,17.6855,16.29,17.85,18.75,16.18,435389
2020-11-18 05:00:00,91505191.0,18.3833,18.28,17.9,19.25,17.54,337920
2020-11-19 05:00:00,57201235.0,18.4978,18.5,18.98,18.98,17.96,222084
2020-11-20 05:00:00,73103035.0,18.7089,19.03,18.15,19.66,18.0,294659
2020-11-23 05:00:00,85694342.0,20.0225,18.63,21.04,21.45,18.57,337600
2020-11-24 05:00:00,117722583.0,22.8124,22.35,23.82,24.27,20.63,458901
2020-11-25 05:00:00,203256795.0,27.1862,23.96,29.05,29.75,23.69,837135
2020-11-27 05:00:00,207834002.0,29.9189,31.19,27.66,33.5,26.12,964006
2020-11-30 05:00:00,138974466.0,27.2057,28.24,27.11,30.15,24.11,622692
2020-12-01 05:00:00,85311632.0,25.7507,28.09,25.67,28.14,24.45,411401
2020-12-02 05:00:00,151542845.0,22.3548,22.24,22.51,23.4,21.15,607549
2020-12-03 05:00:00,86296964.0,24.3688,23.55,24.03,25.62,23.5,350050
2020-12-04 05:00:00,56616317.0,24.1658,24.88,23.85,25.24,23.51,239893
2020-12-07 05:00:00,118946429.0,27.0482,24.44,28.94,29.0,24.44,499701
2020-12-08 05:00:00,126423270.0,28.9174,30.63,28.59,31.24,27.25,551670
2020-12-09 05:00:00,80397711.0,27.0068,28.68,26.63,28.85,25.33,397784
2020-12-10 05:00:00,58446446.0,27.0424,25.5412,27.04,28.04,25.15,242070
2020-12-11 05:00:00,53124729.0,27.0085,27.15,27.2,28.27,26.06,216498
2020-12-14 05:00:00,45303921.0,27.4475,28.26,27.24,28.26,26.7301,211400
2020-12-15 05:00:00,49920382.0,26.1457,26.82,26.43,27.1,25.52,229448
2020-12-16 05:00:00,44707930.0,25.6795,25.71,25.92,26.16,25.11,200993
2020-12-17 05:00:00,54229934.0,26.9197,26.52,27.23,27.45,26.05,223571
2020-12-18 05:00:00,71886171.0,26.1766,26.27,25.97,26.85,25.8,255240
2020-12-21 05:00:00,77301105.0,27.1873,26.19,28.51,28.7,25.4,328028
2020-12-22 05:00:00,67036716.0,28.0659,29.03,28.04,29.42,26.82,303391
2020-12-23 05:00:00,59334011.0,28.7725,28.95,28.69,29.39,28.05,254007
2020-12-24 05:00:00,26306795.0,28.1872,28.7976,27.75,29.16,27.52,125056
2020-12-28 05:00:00,56479896.0,26.4369,28.39,25.63,28.59,25.4,316273
2020-12-29 05:00:00,47786784.0,24.9966,25.75,24.66,26.1823,24.34,255370
2020-12-30 05:00:00,34881879.0,25.2694,24.97,25.1,25.91,24.63,156095
2020-12-31 05:00:00,40200332.0,23.9382,24.63,23.55,24.72,23.52,263543
2021-01-04 05:00:00,45768204.0,23.5743,23.91,23.37,24.5,22.5,250779
2021-01-05 05:00:00,29468743.0,23.9445,23.18,24.6,24.67,22.89,148051
2021-01-06 05:00:00,33243997.0,23.8755,24.12,23.54,24.46,23.25,188973
2021-01-07 05:00:00,32580188.0,24.554,24.02,25.0,25.19,23.67,149353
2021-01-08 05:00:00,41859607.0,25.597,25.7,25.2,26.44,24.7,196183
2021-01-11 05:00:00,33009195.0,25.7829,24.61,25.93,26.6,24.31,170895
2021-01-12 05:00:00,27484811.0,26.0111,26.34,26.18,26.42,25.51,124943
2021-01-13 05:00:00,51904464.0,26.1545,25.71,25.5,27.4298,25.13,262814
2021-01-14 05:00:00,33345869.0,25.0532,25.45,24.92,25.62,24.37,190638
2021-01-15 05:00:00,93005895.0,26.7527,26.26,25.64,28.0,25.46,413854
2021-01-19 05:00:00,49366817.0,26.7524,26.81,26.62,27.54,26.0,231288
2021-01-20 05:00:00,37937904.0,26.4658,27.29,26.34,27.3,25.7,180545
2021-01-21 05:00:00,29926137.0,25.9404,26.42,25.98,26.68,25.3,154761
2021-01-22 05:00:00,157240221.0,29.7931,25.85,32.58,32.65,25.82,644911
2021-01-25 05:00:00,194616820.0,35.2372,34.46,36.23,39.58,29.56,942316
2021-01-26 05:00:00,66543374.0,35.426,35.14,35.37,36.87,34.32,359934
2021-01-27 05:00:00,172018669.0,39.2301,32.97,39.0,45.0,32.25,917616
2021-01-28 05:00:00,86348878.0,36.801,39.54,35.66,42.0,33.1,506599
2021-01-29 05:00:00,42456409.0,36.3088,36.61,35.18,38.01,34.66,271136
2021-02-01 05:00:00,43961662.0,34.0556,35.33,33.96,35.6199,32.58,298961
2021-02-02 05:00:00,70075965.0,31.6711,34.1,31.02,34.2,30.5,448888
2021-02-03 05:00:00,35857014.0,32.1333,32.39,31.76,32.95,31.38,226705
2021-02-04 05:00:00,32041915.0,31.9355,32.58,32.05,33.18,31.05,196457
2021-02-05 05:00:00,62773217.0,33.9053,32.61,34.05,35.2,31.75,352929
2021-02-08 05:00:00,73535859.0,37.3526,37.22,36.05,39.22,35.89,465813
2021-02-09 05:00:00,45120225.0,37.345,36.9,38.17,38.255,36.13,259598
2021-02-10 05:00:00,45737076.0,36.5203,38.15,35.7,38.24,35.0,337470
2021-02-11 05:00:00,52511539.0,33.9902,35.79,33.11,35.98,32.61,379599
2021-02-12 05:00:00,61673833.0,32.1515,33.36,31.91,33.65,31.34,463529
2021-02-16 05:00:00,182585259.0,28.7978,30.02,27.84,30.44,27.3,1256046
2021-02-17 05:00:00,152490421.0,28.4002,27.99,27.08,29.73,27.0,860927
2021-02-18 05:00:00,320000415.0,25.2994,24.99,25.17,26.31,24.5,1637293
2021-02-19 05:00:00,323218956.0,28.3707,27.02,29.0,29.96,26.9,1696681
2021-02-22 05:00:00,188271605.0,28.8305,29.96,28.0,30.19,27.536,998133
2021-02-23 05:00:00,147213964.0,26.0346,25.96,26.75,27.46,23.9,872295
2021-02-24 05:00:00,91436517.0,26.4716,26.71,26.39,27.23,25.75,528874
2021-02-25 05:00:00,162777267.0,24.6281,25.82,23.96,26.44,23.15,951630
2021-02-26 05:00:00,120914351.0,23.6888,24.2,23.9,24.5,22.7,622499
2021-03-01 05:00:00,86540299.0,25.0166,25.19,24.81,25.9,24.62,457348
2021-03-02 05:00:00,74697345.0,24.9644,25.0,24.48,25.59,24.26,382882
2021-03-03 05:00:00,79668687.0,24.2343,24.99,23.59,25.1678,23.43,432042
2021-03-04 05:00:00,162950186.0,24.4129,24.85,24.73,25.56,23.05,769421
2021-03-05 05:00:00,174381736.0,22.7381,24.36,23.95,24.68,20.18,865570
2021-03-08 05:00:00,95233102.0,23.4377,23.77,22.52,24.58,22.4,536849
2021-03-09 05:00:00,100335936.0,23.996,23.38,24.26,24.74,23.1,468168
2021-03-10 05:00:00,104063747.0,25.1997,25.03,24.75,26.24,24.27,488594
2021-03-11 05:00:00,85501492.0,26.3211,25.95,26.73,26.84,25.58,418726
2021-03-12 05:00:00,59498979.0,26.2845,25.74,26.92,26.92,25.18,317187
2021-03-15 04:00:00,57220003.0,26.8644,27.35,26.79,27.47,26.31,310954
2021-03-16 04:00:00,73957859.0,26.055,26.75,25.61,27.1,25.23,384692
2021-03-17 04:00:00,77972696.0,24.9363,24.52,25.21,25.73,24.3,403892
2021-03-18 04:00:00,58035930.0,24.5548,24.73,23.98,25.18,23.78,346525
2021-03-19 04:00:00,58534150.0,24.1761,24.01,24.32,24.57,23.39,273002
2021-03-22 04:00:00,46835129.0,24.3163,24.89,24.22,24.92,23.86,252956
2021-03-23 04:00:00,50575677.0,23.4798,24.0,23.26,24.105,23.1,334404
2021-03-24 04:00:00,69620721.0,22.5818,23.3,21.88,23.485,21.75,428952
2021-03-25 04:00:00,75396726.0,22.0803,21.2,22.58,22.8,21.05,388525
2021-03-26 04:00:00,58378216.0,22.456,22.63,22.58,23.05,21.76,299045
2021-03-29 04:00:00,58012904.0,21.7858,22.48,21.73,22.5,21.39,330798
2021-03-30 04:00:00,52438410.0,21.5509,21.36,22.04,22.09,20.86,260342
2021-03-31 04:00:00,61894716.0,23.2697,22.5,23.29,23.85,22.38,285994
2021-04-01 04:00:00,52417095.0,23.2147,23.95,23.07,23.95,22.73,282072
2021-04-05 04:00:00,65934658.0,23.8264,23.78,23.44,24.45,23.3401,344114
2021-04-06 04:00:00,42414632.0,23.1329,23.55,23.27,23.61,22.83,252123
2021-04-07 04:00:00,33116518.0,23.0973,23.0,22.9,23.55,22.81,188734
2021-04-08 04:00:00,36187869.0,23.2124,23.2,23.41,23.6,22.74,204303
2021-04-09 04:00:00,54414587.0,23.931,23.46,24.04,24.35,23.37,274750
2021-04-12 04:00:00,69386462.0,23.3687,24.52,23.34,24.55,22.73,403231
2021-04-13 04:00:00,84404463.0,24.5101,23.19,25.42,25.6585,23.12,388987
2021-04-14 04:00:00,109397156.0,24.7773,25.35,23.7,26.2,23.65,514997
2021-04-15 04:00:00,59365787.0,23.2067,24.01,23.15,24.06,22.69,327861
2021-04-16 04:00:00,47193599.0,22.6818,22.86,22.47,23.26,22.3,291104
2021-04-19 04:00:00,46299107.0,21.859,22.15,21.94,22.33,21.53,287579
2021-04-20 04:00:00,47509531.0,21.7273,21.96,21.78,22.55,21.24,259450
2021-04-21 04:00:00,42784337.0,22.3044,21.65,22.63,22.64,21.43,213696
2021-04-22 04:00:00,51883467.0,23.0498,22.94,22.86,23.51,22.51,270104
2021-04-23 04:00:00,32452811.0,23.3373,22.89,23.41,23.55,22.74,172441
2021-04-26 04:00:00,34085325.0,23.9142,23.69,24.11,24.26,23.46,182085
2021-04-27 04:00:00,27970217.0,23.9538,24.17,23.88,24.26,23.57,159571
2021-04-28 04:00:00,22367601.0,23.8402,23.67,23.85,24.17,23.42,125640
2021-04-29 04:00:00,37007072.0,23.3017,23.87,23.37,24.14,22.81,212055
2021-04-30 04:00:00,25143934.0,23.1158,23.18,23.04,23.55,22.84,157278
2021-05-03 04:00:00,34268890.0,22.4847,23.01,22.3,23.08,22.21,225211
2021-05-04 04:00:00,63968479.0,21.3221,21.94,21.64,22.2,20.87,409678
2021-05-05 04:00:00,39535986.0,21.4446,21.81,21.15,21.94,20.97,227186
2021-05-06 04:00:00,92618718.0,20.067,21.02,20.09,21.02,19.41,524582
2021-05-07 04:00:00,64288761.0,20.1022,20.3,19.75,20.75,19.58,337146
2021-05-10 04:00:00,105708253.0,18.6429,19.28,18.47,19.3,18.18,546347
2021-05-11 04:00:00,205157902.0,19.2672,17.2,20.21,20.3,17.055,871050
2021-05-12 04:00:00,129539228.0,19.0566,20.0,18.89,20.0,18.51,615369
2021-05-13 04:00:00,88647412.0,18.6439,19.14,18.37,19.47,17.82,425253
2021-05-14 04:00:00,79975558.0,19.6434,18.82,20.08,20.2,18.53,348246
2021-05-17 04:00:00,50531808.0,20.1766,19.73,20.46,20.49,19.63,244666
2021-05-18 04:00:00,59955562.0,21.1564,20.52,21.24,21.62,20.26,291238
2021-05-19 04:00:00,46058717.0,20.6305,20.1,20.67,21.035,19.94,252554
2021-05-20 04:00:00,46701279.0,20.518,20.75,20.61,20.81,20.28,222783
2021-05-21 04:00:00,35811544.0,20.8612,20.84,20.75,21.16,20.47,177542
2021-05-24 04:00:00,46974997.0,21.1008,21.06,21.22,21.52,20.675,218786
2021-05-25 04:00:00,50375953.0,21.6814,21.42,21.48,22.11,21.28,231376
2021-05-26 04:00:00,43400731.0,22.0199,21.58,22.12,22.24,21.49,199416
2021-05-27 04:00:00,76855155.0,22.3986,22.01,22.7,22.7,21.65,231901
2021-05-28 04:00:00,112775179.0,23.6412,23.0,22.95,24.75,22.76,489835
2021-06-01 04:00:00,53465569.0,22.9472,23.19,23.06,23.3499,22.36,245888
2021-06-02 04:00:00,86996445.0,24.0152,23.02,24.45,24.84,22.82,380374
2021-06-03 04:00:00,48762057.0,23.8544,24.14,23.63,24.26,23.34,251834
2021-06-04 04:00:00,42865515.0,24.0805,23.71,24.03,24.49,23.5,211597
2021-06-07 04:00:00,50042601.0,24.4007,24.0,24.46,24.76,23.79,244670
2021-06-08 04:00:00,54068228.0,24.5103,24.85,24.38,25.23,23.93,275220
2021-06-09 04:00:00,36349053.0,24.4605,24.45,24.17,24.74,24.17,191145
2021-06-10 04:00:00,35901102.0,24.0245,24.0,24.14,24.39,23.44,185052
2021-06-11 04:00:00,33403258.0,24.4782,24.12,24.67,24.71,24.03,168013
2021-06-14 04:00:00,52163099.0,24.9039,24.73,25.0,25.15,24.47,235368
2021-06-15 04:00:00,47062777.0,24.8848,25.03,24.41,25.55,24.39,228415
2021-06-16 04:00:00,57382668.0,24.6103,24.09,24.8,24.94,23.86,239051
2021-06-17 04:00:00,64694885.0,25.2161,24.68,25.45,25.46,24.55,264891
2021-06-18 04:00:00,66482972.0,25.3596,25.59,25.37,25.94,25.02,240670
2021-06-21 04:00:00,55336374.0,25.2455,25.1,25.42,25.55,24.51,215540
2021-06-22 04:00:00,46553117.0,25.2793,25.39,25.4,25.52,24.96,159989
2021-06-23 04:00:00,53700013.0,26.0393,25.46,26.27,26.35,25.34,250970
2021-06-24 04:00:00,49042923.0,26.5043,26.49,26.53,26.71,26.17,235865
2021-06-25 04:00:00,141168351.0,26.7561,26.58,26.78,27.01,26.245,262968
2021-06-28 04:00:00,42645936.0,27.2495,26.98,27.38,27.5,26.86,214509
2021-06-29 04:00:00,38858737.0,26.7713,27.38,26.63,27.44,26.44,205000
2021-06-30 04:00:00,29399829.0,26.5578,26.48,26.36,26.92,26.21,146913
2021-07-01 04:00:00,55956752.0,25.0999,26.1,24.72,26.13,24.59,300397
2021-07-02 04:00:00,29979403.0,24.6775,25.0,24.44,25.34,24.33,173316
2021-07-06 04:00:00,28894411.0,24.761,24.6,24.68,25.2,24.47,157916
2021-07-07 04:00:00,67420641.0,23.2186,24.23,22.89,24.26,22.72,339568
2021-07-08 04:00:00,35421100.0,22.8415,22.43,23.08,23.21,22.25,203346
2021-07-09 04:00:00,22926950.0,23.1233,22.96,23.29,23.39,22.76,118179
2021-07-12 04:00:00,23922022.0,23.1019,23.26,22.95,23.495,22.88,127006
2021-07-13 04:00:00,25016631.0,22.6336,22.98,22.45,22.99,22.42,137389
2021-07-14 04:00:00,34072936.0,21.8577,22.49,21.56,22.62,21.51,190266
2021-07-15 04:00:00,32342676.0,21.4997,21.72,21.47,22.055,21.01,162440
2021-07-16 04:00:00,19745398.0,21.4419,21.6,21.37,21.71,21.24,107857
2021-07-19 04:00:00,31019389.0,21.1967,20.97,21.54,21.69,20.55,163188
2021-07-20 04:00:00,23287310.0,21.87,21.63,22.18,22.35,21.22,121019
2021-07-21 04:00:00,20737073.0,22.4673,22.27,22.52,22.68,22.12,104125
2021-07-22 04:00:00,17763644.0,22.1199,22.55,22.07,22.67,21.88,94037
2021-07-23 04:00:00,17830854.0,21.8275,22.01,21.81,22.08,21.51,101809
2021-07-26 04:00:00,16511113.0,21.9816,21.8,22.13,22.3,21.48,92969
2021-07-27 04:00:00,23292433.0,21.4664,21.96,21.68,22.11,21.09,127641
2021-07-28 04:00:00,25276982.0,22.3774,21.75,22.56,22.615,21.69,121074
2021-07-29 04:00:00,19219083.0,22.4212,22.78,22.18,22.85,22.14,99957
2021-07-30 04:00:00,15889153.0,21.97,21.85,21.71,22.406,21.71,85224
2021-08-02 04:00:00,21372877.0,22.0687,21.91,22.1,22.37,21.48,120213
2021-08-03 04:00:00,17040068.0,21.9799,22.03,22.24,22.27,21.71,90687
2021-08-04 04:00:00,15537433.0,22.295,22.2,22.3,22.54,22.07,83688
2021-08-05 04:00:00,18575248.0,22.5106,22.22,22.52,22.77,22.02,95345
2021-08-06 04:00:00,24200671.0,22.0204,22.64,21.82,22.69,21.79,135937
2021-08-09 04:00:00,35611060.0,22.8349,21.85,22.93,23.28,21.8,166086
2021-08-10 04:00:00,25947920.0,23.0529,23.01,22.92,23.52,22.78,128642
2021-08-11 04:00:00,34532770.0,22.4779,23.07,22.35,23.19,22.09,170934
2021-08-12 04:00:00,189542237.0,24.8513,24.45,24.89,25.76,23.585,803875
2021-08-13 04:00:00,52395086.0,24.8076,25.0,24.9,25.1,24.31,247702
2021-08-16 04:00:00,46189789.0,24.3181,24.9,24.5,24.9,23.77,226799
2021-08-17 04:00:00,35348320.0,24.0794,23.9,23.97,24.59,23.74,159961
2021-08-18 04:00:00,91850280.0,25.2768,24.07,25.28,25.94,23.68,362373
2021-08-19 04:00:00,67605646.0,24.9241,25.01,24.16,25.64,24.14,265145
2021-08-20 04:00:00,52062313.0,23.9833,24.22,24.01,24.48,23.66,200919
2021-08-23 04:00:00,35705261.0,24.607,24.02,24.82,24.93,23.9,155780
2021-08-24 04:00:00,37227370.0,25.1426,25.0,25.1,25.35,24.76,153210
2021-08-25 04:00:00,54678454.0,24.5692,25.12,24.35,25.19,24.07,222463
2021-08-26 04:00:00,46179423.0,25.0155,24.4,24.87,25.41,24.36,200678
2021-08-27 04:00:00,52255503.0,25.7387,25.05,25.71,26.09,24.91,217901
2021-08-30 04:00:00,44076329.0,26.1513,25.74,25.76,26.6,25.62,194772
2021-08-31 04:00:00,93168646.0,26.2503,25.79,26.34,26.36,25.66,186549
2021-09-01 04:00:00,34417234.0,26.2146,26.46,26.2,26.51,26.03,155000
2021-09-02 04:00:00,38507376.0,26.5716,26.21,26.51,26.87,26.09,156215
2021-09-03 04:00:00,26652612.0,26.5949,26.49,26.64,26.75,26.22,119048
2021-09-07 04:00:00,36433628.0,26.5567,26.79,26.7,26.88,26.2701,164485
2021-09-08 04:00:00,54394364.0,25.5547,26.6,25.58,26.61,24.96,238584
2021-09-09 04:00:00,34162214.0,25.976,25.39,26.13,26.24,25.29,144259
2021-09-10 04:00:00,37307791.0,26.4659,26.18,26.28,26.73,26.17,158234
2021-09-13 04:00:00,42722710.0,25.6047,26.15,25.83,26.239,25.03,189164
2021-09-14 04:00:00,34910131.0,26.3565,25.97,26.26,26.7,25.9,149748
2021-09-15 04:00:00,49963824.0,26.8195,26.3,27.08,27.15,26.03,187034
2021-09-16 04:00:00,109991984.0,28.2536,27.2,28.63,28.79,27.02,418732
2021-09-17 04:00:00,182214590.0,28.7583,28.66,28.71,29.29,28.07,413662
2021-09-20 04:00:00,89413466.0,27.1438,27.57,26.55,28.0999,26.06,375137
2021-09-21 04:00:00,50933596.0,26.6081,26.89,26.62,27.149,26.08,191281
2021-09-22 04:00:00,44308146.0,27.4158,26.61,27.43,27.77,26.5822,186663
2021-09-23 04:00:00,60028602.0,28.6644,27.71,28.77,29.19,27.67,261584
2021-09-24 04:00:00,40309743.0,28.4081,28.27,28.56,28.76,27.9014,164684
2021-09-27 04:00:00,44102849.0,27.5472,28.23,27.47,28.38,27.23,188957
2021-09-28 04:00:00,64206202.0,25.7884,27.02,25.34,27.13,25.21,313443
2021-09-29 04:00:00,46148663.0,24.9379,25.61,24.52,25.7,24.42,219700
2021-09-30 04:00:00,59849663.0,24.282,24.69,24.04,25.05,23.88,258998
2021-10-01 04:00:00,32777971.0,24.1208,24.21,24.33,24.36,23.72,150041
2021-10-04 04:00:00,46789720.0,23.2594,24.01,23.17,24.05,23.02,236841
2021-10-05 04:00:00,55924824.0,24.1101,23.21,23.21,23.88,23.07,232371
2021-10-06 04:00:00,125175676.0,24.0487,24.91,23.58,25.01,23.35,502556
2021-10-07 04:00:00,38873699.0,23.8248,23.71,23.73,24.13,23.54,160060
2021-10-08 04:00:00,40109349.0,23.4074,23.86,23.5,24.0955,23.11,170024
2021-10-11 04:00:00,23971679.0,23.727,23.26,23.53,23.98,23.26,107720
2021-10-12 04:00:00,26280035.0,23.5592,23.55,23.69,23.81,23.29,109906
2021-10-13 04:00:00,28494029.0,24.0674,23.83,24.13,24.31,23.79,119083
2021-10-14 04:00:00,26106710.0,24.4659,24.43,24.35,24.71,24.205,110789
2021-10-15 04:00:00,24340936.0,24.0983,24.5,24.0,24.52,23.83,113101
2021-10-18 04:00:00,25609889.0,24.2196,24.0,24.26,24.39,23.92,106247
2021-10-19 04:00:00,29393871.0,24.7383,24.5,24.69,25.2,24.36,118084
2021-10-20 04:00:00,24248046.0,24.375,24.79,24.22,24.96,24.17,103152
2021-10-21 04:00:00,23976568.0,24.6694,24.13,24.78,24.93,24.08,101260
2021-10-22 04:00:00,20166825.0,24.4827,24.49,24.43,24.85,24.25,98651
2021-10-25 04:00:00,33962065.0,25.2416,24.5,25.41,25.54,24.48,153228
2021-10-26 04:00:00,56767030.0,25.8533,25.99,25.52,26.75,25.25,231221
2021-10-27 04:00:00,24157199.0,25.3171,25.64,25.06,25.9,25.02,128309
2021-10-28 04:00:00,21203027.0,25.5023,25.3,25.64,25.795,25.12,107866
2021-10-29 04:00:00,21910308.0,25.8754,25.5,25.88,26.12,25.45,108277
2021-11-01 04:00:00,26670459.0,26.3194,26.11,26.56,26.645,25.8828,138124
2021-11-02 04:00:00,30794632.0,26.032,26.56,25.92,26.72,25.555,156915
2021-11-03 04:00:00,25244192.0,25.8292,25.89,26.12,26.235,25.17,131212
2021-11-04 04:00:00,25029657.0,26.3745,26.26,26.47,26.57,25.87,127578
2021-11-05 04:00:00,26004970.0,26.0748,26.45,26.0,26.63,25.72,140452
2021-11-08 05:00:00,41359562.0,26.8167,26.25,26.75,27.11,26.12,206423
2021-11-09 05:00:00,117540155.0,24.6054,25.9,24.25,25.98,23.95,690865
2021-11-10 05:00:00,94809499.0,22.934,23.6,22.52,23.64,22.12,516891
2021-11-11 05:00:00,43381487.0,22.8842,23.04,22.99,23.1299,22.665,238324
2021-11-12 05:00:00,53516196.0,22.7114,23.02,22.83,23.225,22.38,227211
2021-11-15 05:00:00,33225734.0,23.2545,23.0,23.41,23.52,22.95,162087
2021-11-16 05:00:00,31574786.0,22.8832,23.29,23.13,23.29,22.61,171578
2021-11-17 05:00:00,27994121.0,22.6817,23.05,22.49,23.2189,22.4,156371
2021-11-18 05:00:00,51039943.0,21.7148,22.5,21.5,22.55,21.342,276195
2021-11-19 05:00:00,30013125.0,21.5472,21.6,21.41,21.96,21.3,163783
2021-11-22 05:00:00,59867106.0,20.7003,21.53,20.65,21.57,20.18,337659
2021-11-23 05:00:00,44587969.0,20.4383,20.59,20.59,21.05,20.05,249307
2021-11-24 05:00:00,35233903.0,20.8497,20.35,21.11,21.2,20.06,171365
2021-11-26 05:00:00,20691212.0,20.8405,20.41,21.03,21.09,20.3485,119529
2021-11-29 05:00:00,29113989.0,20.9421,21.19,21.07,21.4,20.56,160049
2021-11-30 05:00:00,38196416.0,20.6045,20.95,20.65,21.25,20.11,182060
2021-12-01 05:00:00,48488718.0,19.9374,20.53,19.38,20.89,19.29,295524
2021-12-02 05:00:00,45802940.0,19.4803,19.3,19.69,19.91,19.06,265999
2021-12-03 05:00:00,56039602.0,18.7732,19.5,18.98,19.53,18.4,331319
2021-12-06 05:00:00,56459758.0,18.5816,18.54,18.8,18.97,18.075,260542
2021-12-07 05:00:00,35128988.0,19.5592,19.26,19.46,19.855,19.07,174133
2021-12-08 05:00:00,28425939.0,19.6152,19.51,19.82,19.825,19.03,141396
2021-12-09 05:00:00,30354670.0,19.5206,19.95,19.21,20.15,19.04,164354
2021-12-10 05:00:00,27594490.0,18.9373,19.28,18.94,19.58,18.7,162711
2021-12-13 05:00:00,38376018.0,18.4614,18.8,18.4,19.075,18.17,170868
2021-12-14 05:00:00,38864751.0,18.4767,18.0,18.64,18.859,17.91,179158
2021-12-15 05:00:00,39361880.0,18.4896,18.37,18.86,18.94,17.995,207066
2021-12-16 05:00:00,33949973.0,18.503,18.96,18.34,19.12,18.15,159287
2021-12-17 05:00:00,44495175.0,18.7527,18.03,19.06,19.1,17.81,186909
2021-12-20 05:00:00,42265899.0,18.1217,18.59,17.96,18.67,17.835,203076
2021-12-21 05:00:00,33878598.0,18.6713,18.16,18.9,18.98,18.1,143560
2021-12-22 05:00:00,33894183.0,18.916,18.65,18.88,19.45,18.65,118800
2021-12-23 05:00:00,24758314.0,18.9358,18.85,18.93,19.135,18.72,91197
2021-12-27 05:00:00,21782025.0,19.0378,18.78,18.94,19.25,18.78,106255
2021-12-28 05:00:00,20518849.0,18.6514,18.89,18.57,19.0701,18.44,103376
2021-12-29 05:00:00,28217548.0,18.1088,18.53,18.17,18.6,17.91,132228
2021-12-30 05:00:00,29285189.0,18.7072,18.1,18.69,18.995,18.07,129823
2021-12-31 05:00:00,23555998.0,18.479,18.61,18.21,18.92,18.21,100389
2022-01-03 05:00:00,34386628.0,18.2927,18.36,18.53,18.5687,17.86,153969
2022-01-04 05:00:00,39643168.0,18.1089,18.61,18.17,18.84,17.79,192922
2022-01-05 05:00:00,58220207.0,17.5749,18.03,16.96,18.5678,16.87,286776
2022-01-06 05:00:00,49737071.0,16.7592,16.87,16.74,17.18,16.055,240495
2022-01-07 05:00:00,37989265.0,16.732,16.7,16.56,17.33,16.475,165950
2022-01-10 05:00:00,74141930.0,15.8802,16.19,16.5,16.57,15.35,326154
2022-01-11 05:00:00,47410086.0,16.934,16.4,16.89,17.25,16.32,195208
2022-01-12 05:00:00,39784185.0,16.849,17.16,16.72,17.46,16.4,167562
2022-01-13 05:00:00,35492186.0,16.2611,16.8,16.01,16.82,15.94,152043
2022-01-14 05:00:00,35424310.0,15.8923,15.94,16.01,16.2485,15.62,161283
2022-01-18 05:00:00,49275074.0,15.2636,15.45,14.97,15.75,14.9201,222728
2022-01-19 05:00:00,48015566.0,14.8364,14.9,14.56,15.25,14.54,220776
2022-01-20 05:00:00,44690391.0,15.1014,14.89,14.62,15.5499,14.57,200664
2022-01-21 05:00:00,73031305.0,13.8647,14.25,13.53,14.478,13.5,333607
2022-01-24 05:00:00,110640165.0,12.536,12.79,13.4,13.41,11.75,540651
2022-01-25 05:00:00,47456624.0,13.1096,13.12,13.06,13.6,12.83,218987
2022-01-26 05:00:00,69949711.0,13.2467,13.6,12.75,13.82,12.68,260559
2022-01-27 05:00:00,52622863.0,12.5571,13.01,12.28,13.06,12.2,215641
2022-01-28 05:00:00,54887541.0,12.4158,12.3,12.71,12.88,11.89,221946
2022-01-31 05:00:00,51039253.0,13.4844,12.77,13.71,13.74,12.76,224375
2022-02-01 05:00:00,69012946.0,14.0918,14.23,14.2,14.37,13.56,262414
2022-02-02 05:00:00,47183312.0,13.4984,14.09,13.32,14.2,13.19,213024
2022-02-03 05:00:00,47171335.0,12.7917,12.95,12.45,13.32,12.42,199113
2022-02-04 05:00:00,38951576.0,12.8189,12.47,12.94,13.09,12.265,160988
2022-02-07 05:00:00,45646074.0,13.1987,13.025,12.98,13.6,12.94,164539
2022-02-08 05:00:00,30065109.0,12.9779,12.75,13.15,13.1885,12.62,123495
2022-02-09 05:00:00,34451922.0,13.6238,13.29,13.87,13.89,13.26,134067
2022-02-10 05:00:00,41998243.0,13.7944,13.5,13.56,14.165,13.37,180716
2022-02-11 05:00:00,41831569.0,13.4177,13.45,13.13,13.92,12.97,182066
2022-02-14 05:00:00,40617850.0,13.4258,13.1,13.26,13.795,12.98,153760
2022-02-15 05:00:00,48523679.0,13.8912,13.52,14.17,14.185,13.41,179962
2022-02-16 05:00:00,58624449.0,13.9752,13.91,13.97,14.26,13.66,210670
2022-02-17 05:00:00,151385399.0,12.2142,12.39,11.77,12.7,11.7,559541
2022-02-18 05:00:00,137808130.0,11.0654,11.92,11.02,12.01,10.57,519752
2022-02-22 05:00:00,104501495.0,10.5952,10.7,10.48,11.185,10.3,354343
2022-02-23 05:00:00,93868953.0,10.7232,10.83,10.43,11.26,10.4,313237
2022-02-24 05:00:00,118793047.0,11.0382,9.75,11.83,11.87,9.74,406491
2022-02-25 05:00:00,75433711.0,11.3327,11.59,11.47,11.89,11.0,274471
2022-02-28 05:00:00,75390479.0,11.7677,11.96,11.85,12.18,11.39,252503
2022-03-01 05:00:00,64864923.0,12.1949,11.99,12.18,12.52,11.71,227797
2022-03-02 05:00:00,56698280.0,11.8121,12.21,12.06,12.21,11.42,192983
2022-03-03 05:00:00,46171972.0,11.4997,12.01,11.34,12.055,11.235,183147
2022-03-04 05:00:00,43631139.0,11.0216,11.7,10.96,11.77,10.74,178913
2022-03-07 05:00:00,63070581.0,11.3828,11.43,11.11,11.75,11.1,244176
2022-03-08 05:00:00,49279564.0,11.0591,10.93,11.04,11.39,10.719,205927
2022-03-09 05:00:00,43591369.0,11.718,11.41,11.65,12.02,11.27,176848
2022-03-10 05:00:00,52295390.0,11.7489,11.38,11.87,11.97,11.32,186459
2022-03-11 05:00:00,37817372.0,11.5896,11.86,11.39,12.005,11.37,161608
2022-03-14 04:00:00,49762551.0,10.7658,11.17,10.5,11.41,10.41,198288
2022-03-15 04:00:00,40451175.0,10.6083,10.47,10.77,10.85,10.27,160452
2022-03-16 04:00:00,62746614.0,11.5241,10.95,11.79,11.82,10.9399,216176
2022-03-17 04:00:00,43948861.0,12.1865,11.72,12.32,12.37,11.66,154107
2022-03-18 04:00:00,56325472.0,12.7619,12.28,12.82,13.02,12.215,169468
2022-03-21 04:00:00,39410854.0,12.6613,12.72,12.59,13.05,12.42,126394
2022-03-22 04:00:00,46210656.0,13.1889,12.52,13.27,13.48,12.52,156297
2022-03-23 04:00:00,33699354.0,13.2704,13.16,13.18,13.55,13.02,132081
2022-03-24 04:00:00,29535255.0,13.2048,13.25,13.39,13.42,12.83,102273
2022-03-25 04:00:00,24796929.0,13.0009,13.36,12.97,13.395,12.71,107791
2022-03-28 04:00:00,27151982.0,13.1892,13.01,13.42,13.44,12.855,106071
2022-03-29 04:00:00,46433721.0,13.9204,13.65,14.2,14.28,13.35,165328
2022-03-30 04:00:00,32163994.0,14.0294,14.04,13.88,14.36,13.74,123835
2022-03-31 04:00:00,22839957.0,13.8355,13.9,13.73,14.06,13.63,87064
2022-04-01 04:00:00,23831607.0,13.7563,13.77,13.83,14.065,13.5,104012
2022-04-04 04:00:00,40124782.0,14.4616,14.03,14.63,14.66,14.02,147545
2022-04-05 04:00:00,37677310.0,14.2079,14.61,13.89,14.86,13.795,153903
2022-04-06 04:00:00,40647687.0,13.0766,13.52,13.0,13.54,12.85,175251
2022-04-07 04:00:00,34727408.0,12.8656,12.95,12.84,13.34,12.48,126600
2022-04-08 04:00:00,24962502.0,12.8035,12.7,12.7,13.05,12.57,106391
2022-04-11 04:00:00,26095830.0,12.5872,12.45,12.66,12.82,12.13,112647
2022-04-12 04:00:00,26226526.0,12.7855,12.88,12.46,13.2,12.425,113275
2022-04-13 04:00:00,21152882.0,12.764,12.35,12.9,12.94,12.2311,87399
2022-04-14 04:00:00,23284123.0,12.5433,12.92,12.42,12.92,12.41,80198
2022-04-18 04:00:00,25395600.0,12.1002,12.35,12.15,12.415,11.88,102618
2022-04-19 04:00:00,31753902.0,12.7713,12.08,12.91,13.02,12.07,129164
2022-04-20 04:00:00,31528605.0,12.9087,13.08,12.79,13.17,12.74,128923
2022-04-21 04:00:00,32008952.0,12.6496,13.02,12.33,13.33,12.225,132553
2022-04-22 04:00:00,30357878.0,12.1748,12.33,11.96,12.73,11.86,137365
2022-04-25 04:00:00,31727574.0,11.9827,11.83,12.11,12.16,11.68,131414
2022-04-26 04:00:00,38666484.0,11.3076,11.94,11.12,12.05,11.1,166563
2022-04-27 04:00:00,54508483.0,10.7574,11.01,10.56,11.195,10.53,196675
2022-04-28 04:00:00,40070309.0,10.7324,10.69,10.95,11.045,10.37,167568
2022-04-29 04:00:00,30937495.0,10.733,10.9,10.4,11.23,10.36,117891
2022-05-02 04:00:00,41193848.0,10.4689,10.38,10.74,10.755,10.18,153148
2022-05-03 04:00:00,31372676.0,10.6441,10.69,10.55,10.98,10.44,115374
2022-05-04 04:00:00,43206843.0,10.4673,10.53,10.98,11.01,10.08,155447
2022-05-05 04:00:00,40523644.0,10.2488,10.8,10.12,10.8,9.98,163431
2022-05-06 04:00:00,69691303.0,9.6421,10.0,9.48,10.05,9.42,250309
2022-05-09 04:00:00,170871733.0,7.5595,7.78,7.46,7.85,7.32,502809
2022-05-10 04:00:00,86932388.0,7.2591,7.56,7.29,7.7032,6.93,266364
2022-05-11 04:00:00,72894876.0,6.9873,7.28,6.71,7.54,6.66,215803
2022-05-12 04:00:00,82147335.0,7.0521,6.55,7.34,7.38,6.44,252235
2022-05-13 04:00:00,69242703.0,8.1233,7.52,8.34,8.35,7.52,200072
2022-05-16 04:00:00,46153164.0,8.1793,8.17,8.04,8.43,8.01,142496
2022-05-17 04:00:00,38620821.0,8.2446,8.1,8.36,8.46,8.01,117695
2022-05-18 04:00:00,29304567.0,8.118,8.21,8.01,8.43,7.92,92216
2022-05-19 04:00:00,35780868.0,8.3552,7.97,8.31,8.5814,7.945,110559
2022-05-20 04:00:00,40879105.0,8.0496,8.26,8.08,8.4,7.71,129247
2022-05-23 04:00:00,27755176.0,7.9857,8.01,8.01,8.17,7.8,95359
2022-05-24 04:00:00,47218653.0,7.5499,7.98,7.55,7.99,7.37,136038
2022-05-25 04:00:00,35068948.0,7.8071,7.52,7.96,8.0183,7.51,93294
2022-05-26 04:00:00,39738920.0,8.2149,7.84,8.36,8.4,7.77,98243
2022-05-27 04:00:00,37064602.0,8.7023,8.5,8.85,8.85,8.4336,105155
2022-05-31 04:00:00,41672271.0,8.7764,8.97,8.68,9.1,8.56,112671
2022-06-01 04:00:00,34438066.0,8.6053,8.72,8.46,8.9785,8.38,98806
2022-06-02 04:00:00,41479909.0,9.1192,8.54,9.3,9.39,8.4606,118492
2022-06-03 04:00:00,36632342.0,8.9925,9.04,8.94,9.25,8.86,100391
2022-06-06 04:00:00,35101113.0,8.9758,9.11,8.98,9.21,8.78,83866
2022-06-07 04:00:00,28049430.0,9.0011,8.89,9.13,9.14,8.73,75934
2022-06-08 04:00:00,29056310.0,9.2303,9.18,9.18,9.42,9.09,76536
2022-06-09 04:00:00,30588227.0,8.8674,9.13,8.68,9.16,8.67,84016
2022-06-10 04:00:00,30293236.0,8.2954,8.48,8.26,8.58,8.14,97445
2022-06-13 04:00:00,40942971.0,7.6622,7.99,7.64,8.0,7.5,129203
2022-06-14 04:00:00,30564136.0,7.8156,7.735,7.82,7.98,7.585,82840
2022-06-15 04:00:00,38235303.0,8.0512,7.92,8.12,8.3,7.815,100636
2022-06-16 04:00:00,36793539.0,7.6871,7.84,7.67,7.985,7.58,92569
2022-06-17 04:00:00,45517993.0,8.1208,7.7,8.24,8.33,7.69,107281
2022-06-21 04:00:00,48887634.0,8.8471,8.59,8.71,9.05,8.56,123236
2022-06-22 04:00:00,43486258.0,9.0753,8.52,9.01,9.285,8.45,105797
2022-06-23 04:00:00,44618047.0,9.2916,9.02,9.46,9.5,8.84,111833
2022-06-24 04:00:00,67826046.0,9.8892,9.53,10.19,10.2,9.48,139082
2022-06-27 04:00:00,44767950.0,9.6856,10.15,9.62,10.16,9.51,116616
2022-06-28 04:00:00,45683156.0,9.4407,9.57,9.31,9.88,9.19,102237
2022-06-29 04:00:00,40408663.0,9.1986,9.35,9.23,9.42,9.07,89989
2022-06-30 04:00:00,33636395.0,9.002,9.02,9.07,9.19,8.72,81569
2022-07-01 04:00:00,33482389.0,9.2031,9.11,9.27,9.43,9.0305,84336
2022-07-05 04:00:00,55913039.0,9.7181,9.14,10.07,10.1,9.0,124907
2022-07-06 04:00:00,54604339.0,9.9676,10.01,9.8,10.31,9.74,138794
2022-07-07 04:00:00,35672506.0,10.143,9.76,10.18,10.28,9.75,93913
2022-07-08 04:00:00,36737070.0,10.1476,9.92,10.17,10.38,9.83,87587
2022-07-11 04:00:00,34010399.0,9.6568,9.98,9.56,9.9938,9.53,85798
2022-07-12 04:00:00,42765812.0,9.4924,9.66,9.49,9.9599,9.27,99651
2022-07-13 04:00:00,32461304.0,9.3416,9.22,9.28,9.55,9.05,91825
2022-07-14 04:00:00,26702065.0,8.9723,9.23,8.9,9.28,8.85,82312
2022-07-15 04:00:00,34918133.0,8.8817,9.01,9.04,9.12,8.65,93962
2022-07-18 04:00:00,32428356.0,9.224,9.25,9.03,9.45,9.005,82860
2022-07-19 04:00:00,29033769.0,9.1695,9.15,9.34,9.37,8.89,69346
2022-07-20 04:00:00,40845162.0,9.9938,9.44,10.11,10.2,9.44,106588
2022-07-21 04:00:00,51691188.0,10.46,10.37,10.49,10.76,10.22,130927
2022-07-22 04:00:00,38915495.0,9.972,10.35,9.84,10.57,9.73,106985
2022-07-25 04:00:00,21484978.0,9.6596,9.83,9.68,9.85,9.52,78562
2022-07-26 04:00:00,21997819.0,9.4587,9.66,9.4,9.66,9.38,66528
2022-07-27 04:00:00,29810929.0,9.7748,9.67,10.02,10.03,9.5,76882
2022-07-28 04:00:00,27172854.0,10.0147,10.03,10.13,10.2,9.74,76457
2022-07-29 04:00:00,31106607.0,10.146,10.01,10.35,10.35,9.92,81298
2022-08-01 04:00:00,31694733.0,10.4769,10.25,10.47,10.7,10.1216,87085
2022-08-02 04:00:00,40958813.0,10.949,10.32,10.92,11.23,10.26,119450
2022-08-03 04:00:00,35796465.0,11.1975,11.08,11.2,11.34,11.04,96361
2022-08-04 04:00:00,32093381.0,11.229,11.19,11.32,11.41,11.03,97105
2022-08-05 04:00:00,50264847.0,11.3413,11.01,11.45,11.62,10.85,133462
2022-08-08 04:00:00,125272644.0,9.9788,9.77,9.82,10.4,9.71,358479
2022-08-09 04:00:00,58788927.0,9.2374,9.54,9.25,9.57,9.01,171003
2022-08-10 04:00:00,46054905.0,9.5218,9.51,9.59,9.66,9.32,116909
2022-08-11 04:00:00,44790863.0,9.6969,9.76,9.42,10.05,9.4,115486
2022-08-12 04:00:00,30638186.0,9.7997,9.55,9.91,9.97,9.42,79299
2022-08-15 04:00:00,33263354.0,9.9157,9.82,9.91,10.1,9.76,89781
2022-08-16 04:00:00,40681240.0,9.6289,9.85,9.74,9.88,9.36,103353
2022-08-17 04:00:00,33933634.0,9.4561,9.56,9.43,9.6188,9.33,87469
2022-08-18 04:00:00,26365589.0,9.2227,9.42,9.15,9.47,9.12,73912
2022-08-19 04:00:00,40560185.0,8.6123,9.0,8.51,9.01,8.48,126838
2022-08-22 04:00:00,37824865.0,8.1544,8.32,8.07,8.4,8.06,104451
2022-08-23 04:00:00,25658542.0,8.0965,8.1,8.01,8.28,8.0,71654
2022-08-24 04:00:00,26576407.0,8.1933,8.04,8.1,8.36,7.98,69760
2022-08-25 04:00:00,25635573.0,8.277,8.22,8.42,8.43,8.05,65714
2022-08-26 04:00:00,34150358.0,8.0694,8.42,7.94,8.43,7.93,102063
2022-08-29 04:00:00,28566219.0,7.8517,7.82,7.81,7.9983,7.76,91163
2022-08-30 04:00:00,27189202.0,7.7808,7.93,7.79,7.975,7.68,76080
2022-08-31 04:00:00,28691526.0,7.7892,7.95,7.72,8.0,7.7,73821
2022-09-01 04:00:00,39079702.0,7.3703,7.61,7.49,7.62,7.22,115676
2022-09-02 04:00:00,25965044.0,7.49,7.67,7.4,7.67,7.35,79809
2022-09-06 04:00:00,30429420.0,7.2888,7.45,7.28,7.46,7.17,76920
2022-09-07 04:00:00,30329957.0,7.2925,7.27,7.39,7.43,7.18,80375
2022-09-08 04:00:00,26303595.0,7.4383,7.33,7.53,7.53,7.27,63415
2022-09-09 04:00:00,27860611.0,7.7528,7.68,7.79,7.82,7.64,66245
2022-09-12 04:00:00,30544819.0,7.9449,7.86,8.01,8.03,7.82,68495
2022-09-13 04:00:00,29770663.0,7.5514,7.63,7.48,7.66,7.45,87753
2022-09-14 04:00:00,29422539.0,7.4975,7.45,7.63,7.63,7.33,70212
2022-09-15 04:00:00,51700626.0,7.929,7.47,8.01,8.1,7.45,122340
2022-09-16 04:00:00,42137338.0,7.7844,7.75,7.78,7.93,7.64,105402
2022-09-19 04:00:00,29238773.0,7.717,7.64,7.86,7.86,7.58,60307
2022-09-20 04:00:00,30349629.0,7.7598,7.78,7.62,7.915,7.6,68355
2022-09-21 04:00:00,36814509.0,7.8683,7.72,7.69,8.07,7.655,83113
2022-09-22 04:00:00,49138288.0,7.4649,7.74,7.37,7.74,7.24,116640
2022-09-23 04:00:00,34197320.0,7.2601,7.2,7.4,7.42,7.13,81502
2022-09-26 04:00:00,45429792.0,7.5826,7.35,7.53,7.83,7.35,84701
2022-09-27 04:00:00,31794676.0,7.6347,7.69,7.63,7.835,7.46,66445
2022-09-28 04:00:00,31955946.0,7.8813,7.63,7.94,8.0,7.62,77613
2022-09-29 04:00:00,57908658.0,8.0567,8.05,8.08,8.33,7.78,131791
2022-09-30 04:00:00,47454794.0,8.2921,8.01,8.13,8.5,7.9709,112988
2022-10-03 04:00:00,35523982.0,8.1504,8.145,8.24,8.3,7.97,90550
2022-10-04 04:00:00,36313344.0,8.4841,8.48,8.46,8.61,8.34,92318
2022-10-05 04:00:00,37790218.0,8.32,8.26,8.42,8.485,8.075,76853
2022-10-06 04:00:00,27653442.0,8.4407,8.4,8.47,8.6,8.315,56652
2022-10-07 04:00:00,29550481.0,8.188,8.26,8.15,8.28,8.11,64031
2022-10-10 04:00:00,26923337.0,7.9985,8.17,8.06,8.18,7.88,64631
2022-10-11 04:00:00,40775759.0,8.0374,7.99,8.04,8.295,7.7,82602
2022-10-12 04:00:00,30201563.0,7.9986,8.06,8.07,8.1,7.82,65812
2022-10-13 04:00:00,36040853.0,7.9379,7.74,8.08,8.2,7.565,86071
2022-10-14 04:00:00,37484777.0,7.7352,8.23,7.53,8.31,7.53,94410
2022-10-17 04:00:00,31751687.0,7.9382,7.71,7.94,8.06,7.69,71563
2022-10-18 04:00:00,37120360.0,8.1914,8.15,8.16,8.33,8.04,81970
2022-10-19 04:00:00,26593980.0,7.9504,8.06,7.91,8.125,7.845,57744
2022-10-20 04:00:00,26689513.0,8.0793,7.73,8.04,8.26,7.73,57827
2022-10-21 04:00:00,30705741.0,8.12,7.93,8.29,8.32,7.81,71197
2022-10-24 04:00:00,28062245.0,8.176,8.3,8.27,8.3,8.01,60169
2022-10-25 04:00:00,31001500.0,8.5482,8.36,8.66,8.66,8.36,73159
2022-10-26 04:00:00,33606930.0,8.7592,8.48,8.57,9.05,8.39,85159
2022-10-27 04:00:00,28940839.0,8.6295,8.68,8.6,8.78,8.46,69126
2022-10-28 04:00:00,20697363.0,8.5597,8.55,8.64,8.66,8.365,55187
2022-10-31 04:00:00,31376113.0,8.6972,8.59,8.79,8.83,8.43,69169
2022-11-01 04:00:00,29799983.0,8.7567,8.99,8.65,9.06,8.56,73311
2022-11-02 04:00:00,36042604.0,8.4813,8.7,8.22,8.76,8.2,80091
2022-11-03 04:00:00,36419546.0,8.0999,8.07,8.08,8.3,7.87,81942
2022-11-04 04:00:00,64338926.0,7.8863,8.19,7.93,8.2,7.65,132285
2022-11-07 05:00:00,99332839.0,7.1505,7.78,7.02,7.85,6.89,249803
2022-11-08 05:00:00,56353934.0,7.1866,7.08,7.21,7.42,6.91,132450
2022-11-09 05:00:00,42504627.0,7.0392,7.12,6.98,7.185,6.95,94129
2022-11-10 05:00:00,58579775.0,7.642,7.46,7.64,7.97,7.43,133561
2022-11-11 05:00:00,55324135.0,8.0783,7.48,8.41,8.42,7.375,128262
2022-11-14 05:00:00,37313248.0,8.1435,8.18,8.1,8.32,7.953,89970
2022-11-15 05:00:00,34454137.0,8.3503,8.45,8.34,8.47,8.155,79391
2022-11-16 05:00:00,28352797.0,8.0986,8.18,8.06,8.24,8.0,60415
2022-11-17 05:00:00,33746453.0,7.6872,7.83,7.62,7.88,7.525,76214
2022-11-18 05:00:00,27245241.0,7.4129,7.76,7.39,7.79,7.31,74534
2022-11-21 05:00:00,36605643.0,7.1629,7.31,7.19,7.32,7.07,84202
2022-11-22 05:00:00,27327800.0,7.1545,7.18,7.22,7.25,6.98,61820
2022-11-23 05:00:00,24182861.0,7.294,7.25,7.37,7.42,7.12,54119
2022-11-25 05:00:00,10824422.0,7.2551,7.32,7.28,7.3394,7.19,28136
2022-11-28 05:00:00,19467050.0,7.2439,7.23,7.16,7.4,7.15,52790
2022-11-29 05:00:00,22150765.0,7.1466,7.2,7.08,7.3,7.05,53172
2022-11-30 05:00:00,32745744.0,7.2912,7.14,7.5,7.51,7.0325,75001
2022-12-01 05:00:00,34424376.0,7.8038,7.51,7.86,7.88,7.47,85832
2022-12-02 05:00:00,18794030.0,7.6517,7.615,7.66,7.76,7.5,51818
2022-12-05 05:00:00,32158154.0,7.342,7.62,7.19,7.695,7.105,82091
2022-12-06 05:00:00,32868065.0,6.9967,7.19,6.99,7.195,6.88,83885
2022-12-07 05:00:00,28351611.0,7.1516,7.08,7.07,7.35,7.02,73586
2022-12-08 05:00:00,23107690.0,7.111,7.1,7.12,7.27,6.94,51340
2022-12-09 05:00:00,23367305.0,7.1212,7.06,7.11,7.19,7.03,48993
2022-12-12 05:00:00,22672395.0,7.2041,7.11,7.29,7.31,7.09,58177
2022-12-13 05:00:00,41033831.0,7.6892,7.73,7.5,7.97,7.49,110945
2022-12-14 05:00:00,22653792.0,7.4446,7.5,7.35,7.6,7.265,60684
2022-12-15 05:00:00,25417145.0,7.0931,7.17,7.01,7.298,7.01,68273
2022-12-16 05:00:00,32655552.0,6.8819,7.02,6.9,7.08,6.76,79170
2022-12-19 05:00:00,41511615.0,6.4644,6.8,6.35,6.83,6.32,112976
2022-12-20 05:00:00,30215576.0,6.3448,6.29,6.31,6.54,6.2,83704
2022-12-21 05:00:00,34408622.0,6.3742,6.24,6.5,6.52,6.04,84788
2022-12-22 05:00:00,28065983.0,6.2609,6.37,6.32,6.38,6.18,71508
2022-12-23 05:00:00,20418981.0,6.2029,6.27,6.29,6.3,6.07,52126
2022-12-27 05:00:00,34573340.0,6.0522,6.15,6.0,6.22,5.92,76865
2022-12-28 05:00:00,30096787.0,6.0397,5.98,6.07,6.17,5.95,62055
2022-12-29 05:00:00,42694169.0,6.3935,6.1,6.4,6.525,6.1,88787
2022-12-30 05:00:00,27830898.0,6.3323,6.19,6.42,6.42,6.19,61804
2023-01-03 05:00:00,29969947.0,6.3893,6.58,6.39,6.64,6.275,72924
2023-01-04 05:00:00,31660509.0,6.5542,6.48,6.58,6.675,6.37,68666
2023-01-05 05:00:00,34185994.0,6.3429,6.45,6.32,6.49,6.25,66325
2023-01-06 05:00:00,30596404.0,6.3135,6.4,6.4,6.4499,6.09,61230
2023-01-09 05:00:00,31028876.0,6.5675,6.49,6.5,6.67,6.4,70075
2023-01-10 05:00:00,28236577.0,6.6133,6.5,6.7,6.72,6.49,63780
2023-01-11 05:00:00,25936693.0,6.8997,6.84,6.98,6.99,6.76,60339
2023-01-12 05:00:00,30152469.0,6.9467,7.01,7.01,7.05,6.78,64245
2023-01-13 05:00:00,20981000.0,6.9392,6.84,6.96,7.01,6.81,53433
2023-01-17 05:00:00,30910341.0,6.9766,6.99,7.07,7.15,6.73,79100
2023-01-18 05:00:00,32743429.0,7.0362,7.155,6.9,7.3,6.88,68156
2023-01-19 05:00:00,24841655.0,6.767,6.8,6.73,6.895,6.67,57271
2023-01-20 05:00:00,28751729.0,6.9055,6.76,7.02,7.06,6.72,67344
2023-01-23 05:00:00,31633292.0,7.2517,7.03,7.38,7.41,6.991,68696
2023-01-24 05:00:00,22613480.0,7.1156,7.0,7.02,7.42,5.84,68224
2023-01-25 05:00:00,37147944.0,7.0215,6.92,7.22,7.27,6.69,80661
2023-01-26 05:00:00,28005624.0,7.199,7.37,7.24,7.45,7.04,61487
2023-01-27 05:00:00,37555172.0,7.4639,7.19,7.55,7.73,7.14,72711
2023-01-30 05:00:00,28567795.0,7.4604,7.5,7.37,7.61,7.36,66428
2023-01-31 05:00:00,40984037.0,7.6709,7.41,7.78,7.82,7.38,84558
2023-02-01 05:00:00,50015739.0,7.9565,7.73,8.2,8.22,7.6803,102230
2023-02-02 05:00:00,71889705.0,8.9246,8.51,8.99,9.21,8.47,178417
2023-02-03 05:00:00,64785463.0,8.6221,8.54,8.41,8.9,8.3732,136018
2023-02-06 05:00:00,38845474.0,8.3867,8.31,8.31,8.535,8.24,85249
2023-02-07 05:00:00,42201785.0,8.2191,8.33,8.33,8.41,8.06,98395
2023-02-08 05:00:00,35105483.0,8.2868,8.25,8.22,8.57,8.17,92294
2023-02-09 05:00:00,33366661.0,8.1408,8.34,7.95,8.43,7.94,85294
2023-02-10 05:00:00,43042403.0,7.5815,7.79,7.51,7.86,7.46,103168
2023-02-13 05:00:00,87397065.0,8.1066,7.58,7.61,7.775,7.45,204947
2023-02-14 05:00:00,215980237.0,8.7592,8.59,9.22,9.295,8.23,458742
2023-02-15 05:00:00,152514526.0,9.8243,9.16,10.11,10.23,9.11,339562
2023-02-16 05:00:00,88542835.0,9.9221,9.65,9.71,10.31,9.6,207028
2023-02-17 05:00:00,62137799.0,9.2761,9.57,9.2,9.71,9.085,151051
2023-02-21 05:00:00,65226614.0,8.6033,9.01,8.47,9.1,8.4,160162
2023-02-22 05:00:00,55345996.0,8.3422,8.48,8.36,8.625,8.16,137732
2023-02-23 05:00:00,60015539.0,8.1274,8.42,8.17,8.48,7.91,137183
2023-02-24 05:00:00,41518558.0,8.0454,7.94,8.09,8.2,7.87,93781
2023-02-27 05:00:00,35270013.0,8.0702,8.12,8.03,8.2299,7.96,88345
2023-02-28 05:00:00,32937011.0,7.915,7.96,7.84,8.0973,7.8,78735
2023-03-01 05:00:00,27939113.0,7.7514,7.83,7.69,7.91,7.69,74831
2023-03-02 05:00:00,36805933.0,7.8322,7.59,7.97,8.03,7.56,90911
2023-03-03 05:00:00,43229102.0,8.3105,8.0,8.33,8.5,8.0,107494
2023-03-06 05:00:00,28316225.0,8.2958,8.34,8.28,8.45,8.2,74136
2023-03-07 05:00:00,26819619.0,8.2939,8.275,8.28,8.425,8.19,71839
2023-03-08 05:00:00,38723632.0,8.2824,8.36,8.13,8.58,8.06,98425
2023-03-09 05:00:00,29005915.0,7.918,8.07,7.69,8.26,7.68,85202
2023-03-10 05:00:00,41953579.0,7.4191,7.59,7.35,7.68,7.28,127829
2023-03-13 04:00:00,63183533.0,7.8442,7.29,7.87,8.15,7.19,161001
2023-03-14 04:00:00,33460106.0,7.9115,8.05,7.89,8.14,7.78,93932
2023-03-15 04:00:00,28217378.0,7.8472,7.81,7.9,7.99,7.7,67630
2023-03-16 04:00:00,20504460.0,7.9799,8.01,7.98,8.0799,7.86,61775
2023-03-17 04:00:00,20020767.0,7.905,7.93,7.88,8.03,7.84,59754
2023-03-20 04:00:00,25497386.0,7.9711,7.765,8.08,8.095,7.72,79470
2023-03-21 04:00:00,27104478.0,8.3825,8.2,8.45,8.51,8.17,84289
2023-03-22 04:00:00,34150971.0,8.4459,8.44,8.21,8.62,8.2,100527
2023-03-23 04:00:00,22662235.0,8.3666,8.32,8.33,8.56,8.16,65616
2023-03-24 04:00:00,17939822.0,8.185,8.29,8.2,8.35,8.06,57172
2023-03-27 04:00:00,20666810.0,8.1142,8.15,8.04,8.32,7.94,60101
2023-03-28 04:00:00,14860487.0,8.0265,8.06,8.0,8.12,7.97,43539
2023-03-29 04:00:00,15339672.0,8.1819,8.09,8.22,8.25,8.0512,42642
2023-03-30 04:00:00,21001636.0,8.1761,8.33,8.15,8.38,8.05,51504
2023-03-31 04:00:00,26174838.0,8.3832,8.15,8.45,8.48,8.08,63281
2023-04-03 04:00:00,22511967.0,8.3589,8.37,8.38,8.53,8.21,60945
2023-04-04 04:00:00,23961225.0,8.3792,8.53,8.35,8.54,8.23,59971
2023-04-05 04:00:00,54946873.0,8.1073,8.63,7.98,8.65,7.84,134928
2023-04-06 04:00:00,23488564.0,8.0312,7.88,8.09,8.14,7.79,65597
2023-04-10 04:00:00,29184726.0,8.2389,8.0,8.39,8.44,7.9,70034
2023-04-11 04:00:00,35617852.0,8.5813,8.35,8.61,8.79,8.34,92444
2023-04-12 04:00:00,28771280.0,8.4687,8.75,8.33,8.775,8.3,76446
2023-04-13 04:00:00,27983250.0,8.6055,8.5,8.58,8.7,8.43,68427
2023-04-14 04:00:00,42364533.0,8.7315,8.53,8.81,8.91,8.47,97056
2023-04-17 04:00:00,26047508.0,8.8734,8.81,8.8,9.04,8.78,69957
2023-04-18 04:00:00,21185250.0,8.8372,8.93,8.73,9.02,8.72,59757
2023-04-19 04:00:00,18193674.0,8.5373,8.58,8.49,8.6575,8.48,63376
2023-04-20 04:00:00,23573036.0,8.253,8.29,8.15,8.5,8.13,70319
2023-04-21 04:00:00,14896712.0,8.1668,8.14,8.18,8.22,8.09,43856
2023-04-24 04:00:00,20439283.0,8.0744,8.16,8.1,8.25,7.94,55694
2023-04-25 04:00:00,21849092.0,7.837,8.0,7.74,8.02,7.73,66761
2023-04-26 04:00:00,21396726.0,7.7709,7.87,7.74,7.91,7.65,62293
2023-04-27 04:00:00,21385464.0,7.8223,7.83,7.82,7.91,7.72,54916
2023-04-28 04:00:00,24915472.0,7.7434,7.77,7.75,8.0,7.62,70062
2023-05-01 04:00:00,19134155.0,7.7441,7.75,7.78,7.82,7.66,62859
2023-05-02 04:00:00,38007950.0,7.5585,7.72,7.59,7.91,7.43,104160
2023-05-03 04:00:00,24322418.0,7.5481,7.62,7.56,7.68,7.45,70943
2023-05-04 04:00:00,29989336.0,7.3785,7.47,7.38,7.52,7.28,83615
2023-05-05 04:00:00,45848838.0,7.4258,7.44,7.41,7.55,7.32,99999
2023-05-08 04:00:00,105304009.0,8.3337,7.64,7.74,7.855,7.59,268233
2023-05-09 04:00:00,223573281.0,9.2947,9.22,9.55,9.69,8.655,555464
2023-05-10 04:00:00,149374961.0,9.9216,9.73,9.94,10.3,9.46,338743
2023-05-11 04:00:00,73754074.0,9.9269,10.14,9.88,10.1591,9.71,168596
2023-05-12 04:00:00,62123944.0,9.6549,9.86,9.5,10.01,9.47,151418
2023-05-15 04:00:00,53555516.0,9.3658,9.21,9.52,9.6,9.02,131023
2023-05-16 04:00:00,42311914.0,9.4861,9.4,9.47,9.63,9.35,99795
2023-05-17 04:00:00,63834517.0,10.0079,9.54,10.25,10.285,9.46,145300
2023-05-18 04:00:00,171402081.0,11.3243,10.46,11.74,11.81,10.39,413946
2023-05-19 04:00:00,150269322.0,11.8483,11.97,11.71,12.41,11.52,371382
2023-05-22 04:00:00,76377076.0,11.7705,11.62,11.84,12.105,11.39,197799
2023-05-23 04:00:00,148701808.0,12.8127,11.95,12.64,13.42,11.87,393308
2023-05-24 04:00:00,90496870.0,12.1965,12.05,12.23,12.43,11.82,250865
2023-05-25 04:00:00,106557773.0,12.7638,13.18,12.84,13.22,12.34,300838
2023-05-26 04:00:00,127751554.0,13.7197,12.84,13.65,14.195,12.82,341930
2023-05-30 04:00:00,159089328.0,14.7207,14.44,14.71,15.005,14.24,467932
2023-05-31 04:00:00,130392206.0,14.3124,14.19,14.71,14.79,13.82,324571
2023-06-01 04:00:00,126015134.0,14.6832,14.46,14.54,15.22,14.2,343553
2023-06-02 04:00:00,79487612.0,14.5593,14.65,14.52,15.03,14.16,227334
2023-06-05 04:00:00,121421010.0,15.2775,14.365,15.24,15.7,14.35,385495
2023-06-06 04:00:00,74284337.0,15.3236,15.3,15.46,15.58,14.92,220784
2023-06-07 04:00:00,227236050.0,15.7211,16.01,14.69,17.16,14.52,613412
2023-06-08 04:00:00,115591618.0,15.1511,14.44,15.19,15.59,14.39,321571
2023-06-09 04:00:00,94114019.0,15.3055,15.36,15.02,15.98,14.82,283335
2023-06-12 04:00:00,90250316.0,15.6364,15.44,15.65,16.03,15.33,271461
2023-06-13 04:00:00,112765935.0,15.7899,16.18,16.0,16.27,15.1625,306369
2023-06-14 04:00:00,70871917.0,15.8736,15.93,15.91,16.19,15.44,215350
2023-06-15 04:00:00,91200891.0,16.3655,15.66,16.6,16.79,15.49,281960
2023-06-16 04:00:00,90696215.0,16.3501,16.87,16.3,16.91,16.01,264195
2023-06-20 04:00:00,81335009.0,16.0267,15.99,15.79,16.89,15.58,264342
2023-06-21 04:00:00,97885028.0,14.8145,15.66,14.64,15.755,14.37,310355
2023-06-22 04:00:00,103460998.0,14.127,14.3,14.05,14.44,13.86,264919
2023-06-23 04:00:00,74851018.0,13.8818,13.64,14.03,14.14,13.56,214894
2023-06-26 04:00:00,50679919.0,14.1042,13.87,13.94,14.42,13.83,166573
2023-06-27 04:00:00,55410531.0,14.4614,14.22,14.61,14.76,13.96,155842
2023-06-28 04:00:00,66001041.0,15.0927,14.53,15.28,15.43,14.465,210222
2023-06-29 04:00:00,46300897.0,15.2762,15.4,15.2,15.57,15.06,145815
2023-06-30 04:00:00,42195264.0,15.4524,15.48,15.33,15.8,15.23,137183
2023-07-03 04:00:00,26037426.0,15.3892,15.49,15.52,15.59,15.19,93027
2023-07-05 04:00:00,39179854.0,15.5244,15.425,15.7,15.77,15.23,127251
2023-07-06 04:00:00,57158281.0,14.967,15.32,15.13,15.3827,14.62,178928
2023-07-07 04:00:00,48273342.0,15.5772,15.23,15.34,15.9,15.19,143951
2023-07-10 04:00:00,62823618.0,15.8723,15.37,16.3,16.33,14.945,180765
2023-07-11 04:00:00,63236574.0,16.5333,16.47,16.49,16.93,16.15,197354
2023-07-12 04:00:00,50079436.0,16.6663,16.78,16.59,16.94,16.41,155420
2023-07-13 04:00:00,58397771.0,16.9359,16.7,16.74,17.26,16.631,175736
2023-07-14 04:00:00,45115040.0,16.6097,16.76,16.4,17.0,16.27,147118
2023-07-17 04:00:00,63504956.0,17.2606,16.42,17.4,17.59,16.32,206880
2023-07-18 04:00:00,87357410.0,17.7859,17.88,18.08,18.13,17.19,283661
2023-07-19 04:00:00,89044567.0,18.3371,18.02,18.05,18.995,17.76,274487
2023-07-20 04:00:00,62711592.0,17.3422,17.54,17.13,18.0,16.98,210389
2023-07-21 04:00:00,63375867.0,16.6685,17.47,16.43,17.49,16.0,203826
2023-07-24 04:00:00,36133647.0,16.3864,16.61,16.32,16.69,16.12,128513
2023-07-25 04:00:00,36612927.0,16.6043,16.35,16.55,16.86,16.35,120609
2023-07-26 04:00:00,35804775.0,16.3976,16.4,16.43,16.69,16.13,115303
2023-07-27 04:00:00,50685242.0,16.5645,16.8,16.15,17.19,16.0,166471
2023-07-28 04:00:00,106125623.0,17.3804,17.21,17.81,17.97,16.74,324092
2023-07-31 04:00:00,142163168.0,19.4432,18.82,19.84,19.995,18.38,469297
2023-08-01 04:00:00,100126141.0,19.8704,19.46,19.99,20.2399,19.23,334275
2023-08-02 04:00:00,98215768.0,18.8587,19.26,18.97,19.62,18.15,318512
2023-08-03 04:00:00,55168608.0,18.8269,18.63,18.71,19.3,18.61,186211
2023-08-04 04:00:00,72386045.0,18.4197,18.874,18.2,19.08,18.08,242435
2023-08-07 04:00:00,133806872.0,17.7236,18.25,17.99,18.39,17.01,440289
2023-08-08 04:00:00,143014237.0,16.7287,17.49,17.04,17.49,16.1,461553
2023-08-09 04:00:00,126230391.0,15.6936,16.76,15.25,16.92,15.1,406571
2023-08-10 04:00:00,73129139.0,15.5142,15.44,15.41,15.87,15.25,243576
2023-08-11 04:00:00,56616788.0,15.3317,15.05,15.41,15.58,14.91,184529
2023-08-14 04:00:00,47504217.0,15.5057,15.2,15.72,15.74,14.95,161019
2023-08-15 04:00:00,44000374.0,15.5134,15.61,15.37,15.87,15.29,155633
2023-08-16 04:00:00,40394555.0,15.457,15.21,15.45,15.725,15.12,129998
2023-08-17 04:00:00,91086683.0,14.4904,15.39,14.15,15.4373,14.035,300599
2023-08-18 04:00:00,70169754.0,14.2533,13.88,14.4,14.6,13.68,225412
2023-08-21 04:00:00,43206161.0,14.5283,14.42,14.5,14.78,14.34,145307
2023-08-22 04:00:00,52106867.0,14.8418,14.76,14.67,15.13,14.63,156551
2023-08-23 04:00:00,53523342.0,15.1895,14.5,15.3,15.47,14.42,170645
2023-08-24 04:00:00,93586208.0,14.4582,15.7,14.14,15.71,13.875,324962
2023-08-25 04:00:00,55668905.0,14.3679,14.14,14.53,14.6499,14.01,173752
2023-08-28 04:00:00,35960177.0,14.6801,14.69,14.64,14.88,14.5,111557
2023-08-29 04:00:00,47213155.0,15.2888,14.6,15.4,15.63,14.5,155115
2023-08-30 04:00:00,65674056.0,16.0067,15.46,16.33,16.35,15.33,201541
2023-08-31 04:00:00,101517203.0,15.0525,15.6,14.98,15.85,14.65,320631
2023-09-01 04:00:00,45218573.0,15.1035,15.16,15.18,15.365,14.83,151658
2023-09-05 04:00:00,33818426.0,15.1812,15.08,15.21,15.42,14.9,128435
2023-09-06 04:00:00,38738076.0,15.282,15.17,15.3,15.62,15.08,119155
2023-09-07 04:00:00,51798780.0,14.827,14.88,15.21,15.24,14.29,166441
2023-09-08 04:00:00,33992562.0,15.2984,15.12,15.13,15.61,15.085,127075
2023-09-11 04:00:00,55294677.0,15.7791,15.41,15.79,16.1,15.36,180140
2023-09-12 04:00:00,39497916.0,15.7576,15.46,15.59,16.15,15.43,159420
2023-09-13 04:00:00,34354449.0,15.6339,15.63,15.6,15.8496,15.42,104260
2023-09-14 04:00:00,38572508.0,15.775,15.69,15.83,16.04,15.47,114139
2023-09-15 04:00:00,56271175.0,15.3329,15.77,15.33,15.9,15.17,142821
2023-09-18 04:00:00,37404081.0,15.4229,15.18,15.46,15.63,15.07,125160
2023-09-19 04:00:00,37804835.0,15.1366,15.34,15.15,15.519,14.95,113716
2023-09-20 04:00:00,37640487.0,15.088,15.25,14.74,15.425,14.7325,118762
2023-09-21 04:00:00,73047156.0,14.0927,14.34,14.0,14.599,13.68,252320
2023-09-22 04:00:00,47714543.0,14.2036,14.23,14.13,14.415,14.03,147672
2023-09-25 04:00:00,39693894.0,14.0978,14.0,14.22,14.24,13.82,126057
2023-09-26 04:00:00,37276213.0,14.0135,13.95,13.96,14.17,13.88,117059
2023-09-27 04:00:00,62780567.0,14.6693,14.2,14.85,14.96,14.16,186619
2023-09-28 04:00:00,66590819.0,15.557,15.14,15.77,15.96,14.825,214205
2023-09-29 04:00:00,77981083.0,16.2604,16.11,16.0,16.81,15.96,247046
2023-10-02 04:00:00,41043913.0,16.0147,16.03,15.88,16.44,15.77,150931
2023-10-03 04:00:00,51578129.0,15.1521,15.61,14.9,15.77,14.82,183035
2023-10-04 04:00:00,52786237.0,15.5266,15.46,15.73,15.85,15.16,183131
2023-10-05 04:00:00,49648072.0,15.6897,15.59,15.81,15.9,15.41,146128
2023-10-06 04:00:00,65946320.0,16.3153,15.56,16.61,16.695,15.51,204757
2023-10-09 04:00:00,106161182.0,17.2944,16.27,17.61,17.83,16.22,316975
2023-10-10 04:00:00,99971501.0,17.9951,18.06,17.8,18.4,17.62,300446
2023-10-11 04:00:00,55745629.0,18.0088,17.87,17.92,18.44,17.73,178536
2023-10-12 04:00:00,57940929.0,17.9718,17.92,17.94,18.24,17.5508,176582
2023-10-13 04:00:00,54881953.0,17.5264,18.06,17.36,18.16,17.27,171213
2023-10-16 04:00:00,44987257.0,17.2268,17.21,17.36,17.46,16.67,152002
2023-10-17 04:00:00,54401289.0,17.6977,17.0,17.84,18.03,16.91,155425
2023-10-18 04:00:00,44208265.0,17.5637,17.81,17.2,18.22,17.19,144154
2023-10-19 04:00:00,46303217.0,17.2242,17.44,17.06,17.5799,16.97,156137
2023-10-20 04:00:00,63875487.0,16.2634,16.85,16.11,16.94,15.81,205945
2023-10-23 04:00:00,55967151.0,15.8818,15.9,16.2,16.34,15.21,180689
2023-10-24 04:00:00,39833762.0,16.6167,16.38,16.64,16.93,16.3,131481
2023-10-25 04:00:00,46706480.0,15.9572,16.57,15.59,16.63,15.58,169929
2023-10-26 04:00:00,49351804.0,15.4067,15.6,15.29,15.91,15.05,163239
2023-10-27 04:00:00,39913561.0,15.1799,15.48,15.07,15.6,14.96,138810
2023-10-30 04:00:00,46885854.0,14.8167,15.27,14.69,15.29,14.56,170334
2023-10-31 04:00:00,40195406.0,14.8187,14.58,14.8,15.01,14.55,138723
2023-11-01 04:00:00,54328932.0,14.748,14.8,14.92,14.96,14.48,198917
2023-11-02 04:00:00,170406782.0,17.7428,17.48,17.97,18.3,17.2101,584792
2023-11-03 04:00:00,109302021.0,18.7365,18.02,18.89,19.0789,17.76,358322
2023-11-06 05:00:00,79952555.0,18.3676,18.99,18.54,19.08,17.93,255843
2023-11-07 05:00:00,56289102.0,18.8875,18.86,18.8,19.17,18.53,176300
2023-11-08 05:00:00,46063132.0,18.4529,18.85,18.49,18.93,18.15,161161
2023-11-09 05:00:00,48454200.0,18.5376,18.66,18.27,18.87,18.16,169177
2023-11-10 05:00:00,92955800.0,19.2773,18.155,19.67,19.72,18.06,291892
2023-11-13 05:00:00,74877458.0,19.6213,19.59,19.71,19.88,19.3,208859
2023-11-14 05:00:00,83230466.0,19.8907,20.0,19.94,20.1,19.5,253626
2023-11-15 05:00:00,75533454.0,19.9934,19.9,19.95,20.37,19.611,240996
2023-11-16 05:00:00,49942759.0,19.6594,19.8,19.77,19.875,19.29,152713
2023-11-17 05:00:00,69668728.0,20.2603,19.68,20.49,20.58,19.6587,218845
2023-11-20 05:00:00,90575566.0,21.251,20.65,21.34,21.6,20.56,287330
2023-11-21 05:00:00,106643319.0,20.3867,21.11,19.8,21.85,19.72,370502
2023-11-22 05:00:00,68452455.0,19.7772,20.26,19.69,20.44,19.33,244316
2023-11-24 05:00:00,39800361.0,19.2535,19.38,19.2,19.6,18.93,135142
2023-11-27 05:00:00,58808177.0,19.1726,19.13,19.08,19.5,18.62,222392
2023-11-28 05:00:00,54170695.0,19.5304,19.11,19.71,19.8,19.03,186738
2023-11-29 05:00:00,62782105.0,20.0214,19.945,19.84,20.31,19.78,213554
2023-11-30 05:00:00,55500991.0,19.9591,19.94,20.05,20.23,19.68,189814
2023-12-01 05:00:00,61493670.0,19.9999,19.93,20.27,20.29,19.55,207798
2023-12-04 05:00:00,104948518.0,18.7965,19.75,18.4,19.9,18.27,402711
2023-12-05 05:00:00,54460845.0,18.2646,18.25,18.3,18.55,17.96,206765
2023-12-06 05:00:00,96110978.0,17.4861,17.69,17.13,17.83,17.05,341211
2023-12-07 05:00:00,56454997.0,17.2761,17.22,17.22,17.48,17.08,206884
2023-12-08 05:00:00,57542134.0,17.6295,17.18,17.77,17.92,17.09,205207
2023-12-11 05:00:00,50929623.0,17.9953,17.97,17.77,18.28,17.7,173940
2023-12-12 05:00:00,46231909.0,17.5427,17.69,17.5,17.88,17.2301,167044
2023-12-13 05:00:00,52682624.0,17.5549,17.65,17.87,17.9,17.22,171067
2023-12-14 05:00:00,67462755.0,18.1245,18.17,18.21,18.58,17.72,232624
2023-12-15 05:00:00,93307116.0,18.5023,18.67,18.2,19.15,18.04,278332
2023-12-18 05:00:00,60188148.0,18.0791,18.21,17.84,18.575,17.77,200182
2023-12-19 05:00:00,43530312.0,17.9831,17.98,17.95,18.19,17.84,156962
2023-12-20 05:00:00,58666901.0,17.5586,17.87,17.25,17.92,17.19,194825
2023-12-21 05:00:00,30493554.0,17.5741,17.53,17.59,17.74,17.42,119913
2023-12-22 05:00:00,33693787.0,17.4981,17.7,17.41,17.7,17.325,118192
2023-12-26 05:00:00,31750737.0,17.6293,17.44,17.68,17.745,17.3299,101026
2023-12-27 05:00:00,32918437.0,17.5586,17.78,17.47,17.91,17.45,110634
2023-12-28 05:00:00,38887461.0,17.6284,17.46,17.56,17.84,17.42,128125
2023-12-29 05:00:00,38943466.0,17.2741,17.52,17.17,17.64,17.1,142440
2024-01-02 05:00:00,41626684.0,16.6978,16.95,16.58,16.95,16.5,187621
2024-01-03 05:00:00,46865204.0,16.1527,16.12,16.09,16.38,16.01,189365
2024-01-04 05:00:00,39937698.0,16.3396,16.05,16.25,16.58,15.95,144456
2024-01-05 05:00:00,57662213.0,15.9512,15.7,15.98,16.1279,15.664,204766
2024-01-08 05:00:00,49060953.0,16.6373,16.22,16.67,16.89,16.14,168575
2024-01-09 05:00:00,35794473.0,16.4657,16.51,16.39,16.63,16.28,130607
2024-01-10 05:00:00,41254398.0,16.7931,16.5,16.79,17.0299,16.4,136738
2024-01-11 05:00:00,39552365.0,16.5448,16.81,16.68,16.93,16.17,149790
2024-01-12 05:00:00,33952550.0,16.7781,16.68,16.76,17.06,16.62,118030
2024-01-16 05:00:00,32601260.0,16.5138,16.59,16.53,16.74,16.29,125236
2024-01-17 05:00:00,30832775.0,16.2616,16.26,16.39,16.41,16.05,115195
2024-01-18 05:00:00,35239739.0,16.3438,16.75,16.4,16.81,16.1,126737
2024-01-19 05:00:00,40690625.0,16.4627,16.57,16.78,16.78,16.15,129723
2024-01-22 05:00:00,85573913.0,17.8303,17.46,17.6,18.3503,17.43,292919
2024-01-23 05:00:00,37794300.0,17.4291,17.64,17.33,17.73,17.2,133647
2024-01-24 05:00:00,42710696.0,17.1144,17.51,16.75,17.65,16.735,143190
2024-01-25 05:00:00,44589040.0,16.6106,16.92,16.46,17.0,16.31,158376
2024-01-26 05:00:00,28644156.0,16.4749,16.4,16.35,16.75,16.34,110997
2024-01-29 05:00:00,35987779.0,16.8118,16.45,17.09,17.11,16.43,127402
2024-01-30 05:00:00,36388182.0,16.8796,17.04,16.74,17.24,16.66,132795
2024-01-31 05:00:00,43582546.0,16.3343,16.41,16.09,16.76,16.07,159111
2024-02-01 05:00:00,40454381.0,16.2675,16.21,16.33,16.4868,16.03,147322
2024-02-02 05:00:00,57532675.0,16.6998,16.34,17.02,17.02,16.145,188946
2024-02-05 05:00:00,167698349.0,17.5648,17.56,16.72,17.87,16.48,572108
2024-02-06 05:00:00,421220485.0,21.133,20.3,21.87,22.18,19.76,1303305
2024-02-07 05:00:00,254911069.0,23.1897,21.6,23.6,23.87,21.38,814915
2024-02-08 05:00:00,212671149.0,24.3747,23.96,24.51,25.06,23.32,644219
2024-02-09 05:00:00,149061975.0,24.3486,25.04,24.38,25.11,23.57,494144
2024-02-12 05:00:00,108173046.0,24.8157,23.91,25.05,25.525,23.82,360743
2024-02-13 05:00:00,102293322.0,24.111,23.53,24.01,24.66,23.31,357663
2024-02-14 05:00:00,97227926.0,24.8807,24.15,25.19,25.5,23.755,327505
2024-02-15 05:00:00,70544321.0,25.205,25.04,25.41,25.46,24.71,259379
2024-02-16 05:00:00,65498227.0,24.7919,24.96,24.44,25.495,24.39,248827
2024-02-20 05:00:00,93374349.0,23.2671,23.84,23.4,24.0,22.715,365494
2024-02-21 05:00:00,60411461.0,22.7136,22.3,22.74,22.9299,22.29,250287
2024-02-22 05:00:00,64382647.0,23.552,23.77,23.59,23.95,23.05,270825
2024-02-23 05:00:00,48840765.0,23.1904,23.53,22.97,24.07,22.82,207110
2024-02-26 05:00:00,46499481.0,23.5897,23.03,23.56,23.88,22.94,187606
2024-02-27 05:00:00,64967421.0,24.2746,23.76,24.53,24.62,23.72,248150
2024-02-28 05:00:00,47313982.0,24.5193,24.52,24.42,24.84,24.245,184087
2024-02-29 05:00:00,62753300.0,24.8647,24.81,25.08,25.2928,24.36,218356
2024-03-01 05:00:00,64794407.0,24.9413,25.3,24.93,25.69,24.535,273827
2024-03-04 05:00:00,64216031.0,24.0444,24.4,24.04,24.58,23.53,288108
2024-03-05 05:00:00,49542272.0,23.8119,23.96,23.81,24.4092,23.43,212760
2024-03-06 05:00:00,207386942.0,25.8796,25.75,26.16,26.75,24.53,777182
2024-03-07 05:00:00,117519319.0,26.9236,27.01,26.46,27.5,26.38,457320
2024-03-08 05:00:00,84256124.0,26.5093,27.19,26.04,27.28,25.81,341267
2024-03-11 04:00:00,60829269.0,25.9243,25.89,25.35,26.83,25.29,267027
2024-03-12 04:00:00,75202613.0,24.8122,25.57,24.7,25.64,24.35,318189
2024-03-13 04:00:00,59712992.0,25.0266,24.7,25.0,25.44,24.6,222619
2024-03-14 04:00:00,49214784.0,24.4838,24.83,24.43,24.97,24.14,209095
2024-03-15 04:00:00,61420999.0,23.6963,23.85,23.49,24.1,23.42,257768
2024-03-18 04:00:00,44083043.0,23.8248,23.77,24.0,24.18,23.32,190406
2024-03-19 04:00:00,43247249.0,23.4573,23.5,23.8,23.83,22.92,188965
2024-03-20 04:00:00,39673774.0,24.2133,23.77,24.57,24.65,23.67,171104
2024-03-21 04:00:00,37099608.0,24.8492,25.3,24.49,25.33,24.44,169997
2024-03-22 04:00:00,25453029.0,24.1926,24.2,24.18,24.475,24.02,124633
2024-03-25 04:00:00,29255903.0,24.418,24.12,24.51,24.62,24.05,136473
2024-03-26 04:00:00,43610464.0,24.9988,24.76,24.89,25.47,24.4702,187153
2024-03-27 04:00:00,38600086.0,24.5911,25.0,24.51,25.48,24.26,174823
2024-03-28 04:00:00,70008165.0,23.3216,24.17,23.01,24.28,22.94,331412
2024-04-01 04:00:00,41000029.0,22.7313,22.98,22.86,23.21,22.4,224234
2024-04-02 04:00:00,39770573.0,22.2648,22.0,22.72,22.79,21.72,198392
2024-04-03 04:00:00,30357412.0,22.7471,22.44,22.7,23.01,22.38,143068
2024-04-04 04:00:00,64995295.0,23.1265,23.82,22.48,24.1,22.4,264135
2024-04-05 04:00:00,38716824.0,22.9504,22.42,22.96,23.32,22.3065,173942
2024-04-08 04:00:00,25022708.0,23.0171,23.08,23.0,23.2,22.67,122774
2024-04-09 04:00:00,27724525.0,22.7567,23.01,22.81,23.0868,22.46,134831
2024-04-10 04:00:00,28642932.0,22.466,22.22,22.42,22.71,22.01,154904
2024-04-11 04:00:00,26399380.0,22.6507,22.65,22.84,22.91,22.25,129642
2024-04-12 04:00:00,36764458.0,22.744,22.7,22.67,23.2,22.41,160189
2024-04-15 04:00:00,38182078.0,22.3624,22.79,21.9,23.13,21.83,192520
2024-04-16 04:00:00,33869201.0,21.6866,21.59,21.88,21.99,21.27,163188
2024-04-17 04:00:00,30139797.0,21.5628,22.01,21.31,22.11,21.22,149546
2024-04-18 04:00:00,34550542.0,21.1157,21.25,21.13,21.43,20.7,156743
2024-04-19 04:00:00,39632591.0,20.7037,20.98,20.47,21.43,20.33,193851
2024-04-22 04:00:00,31894517.0,20.741,20.72,20.97,21.08,20.36,145603
2024-04-23 04:00:00,36304634.0,21.6974,21.25,21.64,22.06,21.23,164009
2024-04-24 04:00:00,34426476.0,21.7169,22.05,21.59,22.25,21.3,151065
2024-04-25 04:00:00,26226705.0,21.4008,20.82,21.71,21.7399,20.66,136763
2024-04-26 04:00:00,33119766.0,22.4003,22.05,22.52,22.67,21.91,149767
2024-04-29 04:00:00,30330698.0,22.7506,22.75,22.83,23.09,22.545,149663
2024-04-30 04:00:00,30511879.0,22.3001,22.77,21.97,22.87,21.95,148560
2024-05-01 04:00:00,34812852.0,22.1689,21.93,22.12,22.83,21.63,164603
2024-05-02 04:00:00,30396133.0,22.4906,22.6,22.55,22.715,22.1,144365
2024-05-03 04:00:00,55976409.0,23.2013,23.48,23.33,23.64,22.91,239061
2024-05-06 04:00:00,175936565.0,24.5997,24.37,25.21,25.355,24.03,713025
2024-05-07 04:00:00,161061622.0,21.7372,21.99,21.4,22.7,21.35,640397
2024-05-08 04:00:00,67582882.0,21.3548,21.58,21.56,21.73,21.06,272232
2024-05-09 04:00:00,54101937.0,21.2471,21.49,21.14,21.58,20.94,215157
2024-05-10 04:00:00,59845413.0,20.7805,21.27,20.6,21.37,20.5,251658
2024-05-13 04:00:00,37524809.0,20.9287,20.6,20.94,21.19,20.6,176397
2024-05-14 04:00:00,57894354.0,21.6057,20.95,21.44,22.07,20.93,239093
2024-05-15 04:00:00,39424029.0,21.5047,21.73,21.67,21.8099,21.185,167607
2024-05-16 04:00:00,27416677.0,21.7303,21.74,21.65,21.87,21.535,123425
2024-05-17 04:00:00,30032254.0,21.8386,21.78,21.76,22.1693,21.56,133489
2024-05-20 04:00:00,35255258.0,21.4328,21.77,21.62,21.77,21.22,165992
2024-05-21 04:00:00,27953962.0,21.243,21.34,21.24,21.45,21.12,133901
2024-05-22 04:00:00,25212469.0,21.2495,21.23,21.17,21.42,21.08,117023
2024-05-23 04:00:00,36887627.0,20.903,21.39,20.72,21.5198,20.63,178923
2024-05-24 04:00:00,22158712.0,20.9644,20.72,21.01,21.15,20.65,109152
2024-05-28 04:00:00,26274188.0,21.025,21.06,21.05,21.22,20.73,132448
2024-05-29 04:00:00,24834240.0,20.8627,20.77,20.94,20.99,20.64,133565
2024-05-30 04:00:00,47583129.0,21.5721,21.28,21.73,21.96,21.02,199958
2024-05-31 04:00:00,44416074.0,21.655,21.79,21.68,22.2,21.31,189060
2024-06-03 04:00:00,33876070.0,21.2958,21.7,21.32,21.79,21.005,167350
2024-06-04 04:00:00,41974047.0,21.818,21.05,22.1,22.26,21.04,175903
2024-06-05 04:00:00,39825392.0,22.6888,22.48,22.96,22.98,22.22,179531
2024-06-06 04:00:00,60400366.0,23.5732,22.98,23.79,23.95,22.98,249405
2024-06-07 04:00:00,37149877.0,23.2994,23.24,23.31,23.57,23.06,180010
2024-06-10 04:00:00,31509278.0,22.9579,22.75,23.13,23.16,22.66,162612
2024-06-11 04:00:00,30601852.0,23.5793,23.06,23.85,23.95,22.89,149061
2024-06-12 04:00:00,38542724.0,23.9626,24.2,23.77,24.33,23.57,187670
2024-06-13 04:00:00,26035051.0,23.4715,23.85,23.27,24.14,23.15,136187
2024-06-14 04:00:00,26594284.0,23.3715,23.15,23.57,23.72,22.84,140574
2024-06-17 04:00:00,54101503.0,24.5525,23.47,25.02,25.06,23.45,228726
2024-06-18 04:00:00,54458580.0,25.4793,25.15,25.82,26.025,24.83,229451
2024-06-20 04:00:00,66702555.0,25.9201,26.44,25.56,26.57,25.155,298346
2024-06-21 04:00:00,69981578.0,24.047,24.71,23.84,26.09,23.53,273240
2024-06-24 04:00:00,36477408.0,24.0213,23.44,24.16,24.3874,23.3,182938
2024-06-25 04:00:00,29657245.0,24.3926,24.16,24.56,24.63,23.9201,123598
2024-06-26 04:00:00,24331377.0,24.2675,24.47,24.1,24.66,24.025,126154
2024-06-27 04:00:00,37882859.0,25.0014,24.1,25.22,25.4,24.05,165338
2024-06-28 04:00:00,38886441.0,25.3373,25.28,25.33,25.57,25.03,141559
2024-07-01 04:00:00,33167921.0,25.6923,25.48,25.88,26.02,25.1421,152655
2024-07-02 04:00:00,32148242.0,26.082,25.84,25.83,26.43,25.75,150956
2024-07-03 04:00:00,18433843.0,26.0063,25.96,25.85,26.27,25.76,96954
2024-07-05 04:00:00,46703729.0,26.9077,26.0,27.23,27.25,25.975,234478
2024-07-08 04:00:00,59611163.0,27.6396,27.93,27.7,27.986,26.84,302672
2024-07-09 04:00:00,53226526.0,27.6908,27.93,27.39,28.38,27.23,261946
2024-07-10 04:00:00,43178528.0,28.0134,27.5,28.42,28.47,27.37,210237
2024-07-11 04:00:00,61546057.0,27.7306,28.49,27.64,28.59,26.9,303810
2024-07-12 04:00:00,30760268.0,27.9087,27.32,28.07,28.13,27.28,169120
2024-07-15 04:00:00,49186345.0,28.7873,28.42,28.67,29.3,27.9,240800
2024-07-16 04:00:00,59330683.0,28.2781,28.18,28.67,28.84,27.47,267145
2024-07-17 04:00:00,45203461.0,28.2116,28.0,28.22,28.87,27.6,227409
2024-07-18 04:00:00,76485561.0,28.9634,28.42,28.64,29.83,28.15,334829
2024-07-19 04:00:00,49581636.0,28.9632,28.31,28.58,29.6,28.27,237865
2024-07-22 04:00:00,38037812.0,28.3522,28.93,28.46,28.97,27.69,197146
2024-07-23 04:00:00,31134262.0,28.872,28.34,28.81,29.19,28.31,156629
2024-07-24 04:00:00,48950105.0,27.3175,28.44,26.6,28.685,26.58,259540
2024-07-25 04:00:00,45474613.0,26.4501,26.04,26.63,27.288,25.42,252488
2024-07-26 04:00:00,27432224.0,27.0692,27.0,27.18,27.34,26.77,140323
2024-07-29 04:00:00,26038842.0,27.2402,27.56,27.08,27.8,26.73,138738
2024-07-30 04:00:00,31819905.0,26.5227,27.25,26.37,27.44,25.89,171679
2024-07-31 04:00:00,29111605.0,27.1125,27.02,26.89,27.39,26.88,135547
2024-08-01 04:00:00,31189607.0,26.5171,27.02,26.08,27.535,25.83,171562
2024-08-02 04:00:00,56061591.0,24.4095,24.75,24.74,24.87,23.75,294208
2024-08-05 04:00:00,88023468.0,24.1879,21.74,24.09,24.42,21.23,453448
2024-08-06 04:00:00,99622681.0,26.7,27.05,26.59,27.42,25.57,452013
2024-08-07 04:00:00,75975382.0,27.4511,27.07,26.32,28.36,26.24,354648
2024-08-08 04:00:00,96892918.0,28.4951,27.04,29.28,29.375,26.69,400961
2024-08-09 04:00:00,88131106.0,29.8534,29.28,30.01,30.36,29.1,372350
2024-08-12 04:00:00,67890322.0,29.9586,30.22,29.38,31.2,29.27,307999
2024-08-13 04:00:00,57294206.0,30.3299,29.7887,30.39,30.8498,29.56,245655
2024-08-14 04:00:00,49885641.0,30.9076,30.62,31.0,31.37,30.33,238627
2024-08-15 04:00:00,43407612.0,31.1854,31.31,31.22,31.495,30.83,226541
2024-08-16 04:00:00,64870638.0,32.0876,31.04,32.08,32.75,30.98,303440
2024-08-19 04:00:00,52353641.0,32.2714,32.42,32.5,32.59,31.814,256623
2024-08-20 04:00:00,40783010.0,32.1701,32.5,32.32,32.72,31.63,204722
2024-08-21 04:00:00,38147564.0,32.3064,32.32,32.54,32.67,31.97,185933
2024-08-22 04:00:00,43522223.0,32.4313,32.55,31.92,33.125,31.85,208486
2024-08-23 04:00:00,34121175.0,31.9575,31.99,31.78,32.55,31.622,187521
2024-08-26 04:00:00,35283625.0,31.0701,31.43,30.85,31.74,30.79,198642
2024-08-27 04:00:00,23541256.0,30.8267,30.55,30.84,31.12,30.38,130208
2024-08-28 04:00:00,33961370.0,30.2587,30.62,30.36,30.8,29.75,179643
2024-08-29 04:00:00,39732985.0,31.317,30.65,31.0,31.82,30.484,216992
2024-08-30 04:00:00,42388023.0,31.2578,31.05,31.48,31.5,30.7,180132
2024-09-03 04:00:00,34531596.0,30.8339,31.35,30.51,31.5892,30.165,207586
2024-09-04 04:00:00,33419490.0,30.2687,30.0,30.59,30.85,29.31,201591
2024-09-05 04:00:00,24009331.0,30.3495,30.24,30.16,30.74,30.01,149239
2024-09-06 04:00:00,50923277.0,30.3938,30.6,30.33,31.04,29.5,289882
2024-09-09 04:00:00,140582494.0,33.9552,32.7,34.6,34.7,32.47,694877
2024-09-10 04:00:00,91720986.0,34.3793,34.81,34.76,35.2,33.71,454496
2024-09-11 04:00:00,68267710.0,34.3069,34.01,34.85,34.87,33.62,334479
2024-09-12 04:00:00,54391843.0,34.9792,34.86,34.91,35.4,34.5308,290615
2024-09-13 04:00:00,49727172.0,35.5108,34.97,35.59,36.01,34.89,267163
2024-09-16 04:00:00,74767329.0,36.2899,35.78,36.31,36.92,35.56,376123
2024-09-17 04:00:00,64461751.0,36.3327,37.0,36.45,37.05,35.87,316710
2024-09-18 04:00:00,66279770.0,36.4996,35.9,36.38,37.11,35.8712,328192
2024-09-19 04:00:00,59882041.0,36.8352,37.0,36.83,37.35,36.2,285820
2024-09-20 04:00:00,450040538.0,37.0653,36.01,37.2,37.29,35.71,436494
2024-09-23 04:00:00,79460737.0,37.6327,36.86,37.95,38.19,36.57,356399
2024-09-24 04:00:00,79519248.0,36.9076,37.97,36.9,37.98,36.43,386628
2024-09-25 04:00:00,46511724.0,36.799,36.89,37.12,37.18,36.3827,231462
2024-09-26 04:00:00,48601992.0,37.0875,37.26,37.1,37.44,36.6,245125
2024-09-27 04:00:00,43219122.0,36.9466,36.91,36.84,37.47,36.59,216162
2024-09-30 04:00:00,42223553.0,36.898,36.58,37.2,37.32,36.15,201920
2024-10-01 04:00:00,52858036.0,36.662,37.21,36.46,37.56,36.05,284645
2024-10-02 04:00:00,34970906.0,37.1593,36.3,37.49,37.68,36.145,186422
2024-10-03 04:00:00,57158445.0,38.6712,37.45,39.24,39.29,37.37,292965
2024-10-04 04:00:00,62657545.0,39.871,39.65,40.01,40.29,39.4,324050
2024-10-07 04:00:00,44124766.0,39.2798,39.9,38.89,40.15,38.775,248026
2024-10-08 04:00:00,62542945.0,40.7713,39.29,41.45,41.49,39.015,338116
2024-10-09 04:00:00,86404698.0,42.6145,41.55,43.13,43.34,41.21,414346
2024-10-10 04:00:00,62516314.0,43.2484,42.92,43.52,43.8784,42.4101,326267
2024-10-11 04:00:00,66206893.0,43.3974,43.4,43.51,44.38,42.62,347635
2024-10-14 04:00:00,41010910.0,43.7232,43.72,43.4,44.39,43.28,253937
2024-10-15 04:00:00,48296974.0,42.5404,43.475,42.43,43.68,41.515,330802
2024-10-16 04:00:00,59157938.0,41.4742,42.4,41.93,42.49,40.36,339243
2024-10-17 04:00:00,34028414.0,42.01,42.15,42.0,42.7,41.61,210962
2024-10-18 04:00:00,33969020.0,42.5925,42.015,42.97,42.99,41.65,186596
2024-10-21 04:00:00,30719779.0,42.7709,42.86,42.7,43.4,42.41,184494
2024-10-22 04:00:00,27830734.0,42.9702,42.69,42.94,43.49,42.3,161258
2024-10-23 04:00:00,35646980.0,42.8705,42.85,42.59,43.68,42.055,206440
2024-10-24 04:00:00,33599557.0,43.2593,42.89,43.56,43.73,42.66,191699
2024-10-25 04:00:00,50416491.0,44.7009,43.85,44.86,45.07,43.645,288556
2024-10-28 04:00:00,36729700.0,44.971,45.05,44.97,45.14,44.68,223989
2024-10-29 04:00:00,26154712.0,44.8268,44.9,44.93,45.07,44.04,179890
2024-10-30 04:00:00,31309232.0,44.1141,44.58,43.69,44.8,43.61,228007
2024-10-31 04:00:00,50973360.0,41.737,42.79,41.56,43.32,40.9,361836
2024-11-01 04:00:00,33722521.0,42.0968,41.93,41.92,42.57,41.59,227593
2024-11-04 05:00:00,75410698.0,43.1019,41.08,41.41,42.04,41.0315,446891
2024-11-05 05:00:00,208868200.0,50.0209,47.86,51.13,51.575,46.86,1094851
2024-11-06 05:00:00,114255943.0,54.0337,53.44,55.53,55.69,51.61,725049
2024-11-07 05:00:00,121591164.0,54.9823,55.82,55.88,56.47,53.55,781847
2024-11-08 05:00:00,84124034.0,57.455,55.57,58.39,58.48,55.3,545625
2024-11-11 05:00:00,108357795.0,60.5835,60.1325,60.24,62.08,58.69,748933
2024-11-12 05:00:00,59061338.0,59.3926,59.01,59.85,60.09,58.57,434751
2024-11-13 05:00:00,85937360.0,61.8501,61.52,60.7,63.39,59.85,570722
2024-11-14 05:00:00,59968240.0,59.758,61.05,59.18,61.17,58.53,418977
2024-11-15 05:00:00,155253388.0,63.9208,61.01,65.77,66.0,60.91,967227
2024-11-18 05:00:00,137877641.0,61.4858,64.92,61.26,64.92,58.85,930592
2024-11-19 05:00:00,75157817.0,61.3719,59.51,62.98,63.01,59.265,489876
2024-11-20 05:00:00,59182183.0,61.4254,62.59,62.12,63.08,59.96,440062
2024-11-21 05:00:00,56336740.0,62.0414,62.04,61.36,63.4,60.895,430675
2024-11-22 05:00:00,61313272.0,63.3085,61.6,64.35,64.44,61.37,414671
2024-11-25 05:00:00,80640465.0,65.7632,66.9,64.65,67.88,64.08,600176
2024-11-26 05:00:00,46923572.0,65.225,64.57,65.74,65.85,63.89,330981
2024-11-27 05:00:00,53839900.0,65.8767,66.24,66.05,67.56,64.24,359717
2024-11-29 05:00:00,30104046.0,66.613,65.89,67.08,67.16,65.47,226107
2024-12-02 05:00:00,46404971.0,66.7307,67.44,66.39,67.88,65.96,369310
2024-12-03 05:00:00,100751420.0,69.9948,66.41,70.96,71.37,66.15,637102
2024-12-04 05:00:00,86284801.0,69.4255,71.13,69.85,71.18,67.28,649412
2024-12-05 05:00:00,66585762.0,71.7057,70.11,71.87,72.98,69.89,465653
2024-12-06 05:00:00,93640902.0,75.5709,72.95,76.34,76.82,72.28,665574
2024-12-09 05:00:00,167996224.0,75.0792,80.58,72.46,80.91,71.05,1381377
2024-12-10 05:00:00,89656549.0,73.0146,71.99,70.89,75.56,70.73,720833
2024-12-11 05:00:00,89477656.0,70.8517,72.98,72.51,73.0,68.07,710927
2024-12-12 05:00:00,73859672.0,73.4533,72.3,73.2,75.38,71.9,538944
2024-12-13 05:00:00,76172785.0,74.3828,73.49,76.07,76.1,72.45,540521
2024-12-16 05:00:00,126099415.0,74.2063,75.06,75.75,77.82,71.16,949120
2024-12-17 05:00:00,75467861.0,73.8638,73.28,74.39,75.32,71.7,562799
2024-12-18 05:00:00,109643381.0,74.8379,74.3,71.51,77.6,70.27,786137
2024-12-19 05:00:00,99524332.0,74.793,73.99,74.21,76.59,73.37,664595
2024-12-20 05:00:00,281230836.0,79.1303,72.64,80.55,80.66,71.5,844212
2024-12-23 05:00:00,93819484.0,80.0414,80.65,80.69,82.02,77.41,686246
2024-12-24 05:00:00,64982483.0,83.0206,81.09,82.38,84.7968,81.0,492440
2024-12-26 05:00:00,60547746.0,82.3019,83.16,82.14,83.49,81.3,479698
2024-12-27 05:00:00,66975887.0,79.1355,81.42,79.08,82.0,77.93,565233
2024-12-30 05:00:00,60850862.0,77.6721,77.04,77.18,79.24,76.11,483214
2024-12-31 05:00:00,56253937.0,76.3615,77.58,75.63,77.9796,73.65,421630
2025-01-02 05:00:00,72217192.0,74.488,76.2,75.19,76.53,72.42,613699
2025-01-03 05:00:00,62415008.0,78.6387,75.39,79.89,79.98,75.19,485770
2025-01-06 05:00:00,105619544.0,76.9685,78.69,75.92,80.06,74.61,844960
2025-01-07 05:00:00,91727347.0,71.62,75.2,69.99,75.39,69.75,885220
2025-01-08 05:00:00,91341388.0,68.0404,68.12,68.23,69.53,66.51,758002
2025-01-10 05:00:00,78148636.0,66.506,66.01,67.26,68.2,65.04,607517
2025-01-13 05:00:00,69010225.0,64.616,64.29,64.98,65.68,63.4,575559
2025-01-14 05:00:00,56814898.0,66.5697,67.18,65.91,68.23,65.19,451570
2025-01-15 05:00:00,56025752.0,68.0721,68.55,68.14,68.85,67.08,401417
2025-01-16 05:00:00,62908663.0,69.9644,69.08,69.24,71.43,68.36,433388
2025-01-17 05:00:00,54753981.0,71.3371,70.9,71.77,72.34,69.95,389661
2025-01-21 05:00:00,56228967.0,72.7901,73.24,73.07,73.6363,70.6007,455827
2025-01-22 05:00:00,66869376.0,75.9379,74.5,76.87,77.16,73.8,497682
2025-01-23 05:00:00,55937896.0,77.7892,76.04,78.98,79.0,75.84,427697
2025-01-24 05:00:00,77931906.0,80.359,79.05,78.98,82.24,78.4401,539733
2025-01-27 05:00:00,76093325.0,74.6259,74.07,75.44,76.72,72.67,703547
2025-01-28 05:00:00,65916656.0,78.483,75.54,80.23,80.74,74.04,519856
2025-01-29 05:00:00,49262158.0,79.2651,79.95,79.76,80.8199,77.81,392817
2025-01-30 05:00:00,46067527.0,80.7035,80.02,81.22,81.8299,79.38,375819
2025-01-31 05:00:00,78990619.0,83.8033,81.0,82.49,85.22,80.87,587094
2025-02-03 05:00:00,126592731.0,87.3081,80.125,83.74,84.25,78.47,1051779
2025-02-04 05:00:00,230806694.0,103.6245,102.8,103.83,106.91,100.51,1855410
2025-02-05 05:00:00,90792345.0,101.2325,101.78,101.36,103.57,99.32,750448
2025-02-06 05:00:00,128089484.0,107.6628,101.09,111.28,111.545,100.26,1025704
2025-02-07 05:00:00,143795408.0,113.6585,111.66,110.85,116.3,110.45,1189219
2025-02-10 05:00:00,99938072.0,113.9573,112.03,116.65,116.76,108.72,797862
2025-02-11 05:00:00,94311705.0,114.8186,116.5,112.62,118.66,112.1,806790
2025-02-12 05:00:00,75316878.0,115.3681,110.29,117.39,117.59,110.0,673170
2025-02-13 05:00:00,60026970.0,117.0509,117.31,117.91,118.39,115.1501,591222
2025-02-14 05:00:00,65528863.0,118.7894,117.9,119.16,120.67,116.8,592828
2025-02-18 05:00:00,84227164.0,122.1212,120.94,124.62,125.0,118.43,813679
2025-02-19 05:00:00,147487261.0,117.0005,123.86,112.06,125.41,108.56,1357252
2025-02-20 05:00:00,243093928.0,102.2916,102.91,106.27,107.4,95.8,2385709
2025-02-21 05:00:00,128976335.0,104.6217,107.68,101.35,109.07,100.0,1229443
2025-02-24 05:00:00,183950804.0,92.5198,95.88,90.68,99.01,89.3,1738923
2025-02-25 05:00:00,132626266.0,87.8035,90.65,87.84,91.7,85.25,1206588
2025-02-26 05:00:00,94846187.0,89.7104,89.16,89.31,91.69,87.59,813098
2025-02-27 05:00:00,99677777.0,88.3947,91.91,84.77,93.62,84.17,863517
2025-02-28 05:00:00,125975635.0,82.6349,79.98,84.92,85.18,78.58,978554
2025-03-03 05:00:00,114573905.0,87.1717,88.55,83.42,90.4796,82.53,938339
2025-03-04 05:00:00,116800332.0,83.1099,80.16,84.4,88.5,79.3,987589
2025-03-05 05:00:00,116013396.0,87.2472,86.35,90.13,90.3,82.5,927507
2025-03-06 05:00:00,117340586.0,83.9495,87.505,80.46,88.34,80.01,1031101
2025-03-07 05:00:00,105357101.0,82.4901,80.025,84.91,85.16,79.15,867320
2025-03-10 04:00:00,136843832.0,77.7576,82.0,76.38,82.6899,74.57,1233656
2025-03-11 04:00:00,109341364.0,78.3649,75.785,78.05,80.745,75.53,900757
2025-03-12 04:00:00,116525071.0,82.8778,83.48,83.65,84.55,79.86,943946
2025-03-13 04:00:00,100927167.0,80.1101,82.845,79.62,83.74,78.32,846291
2025-03-14 04:00:00,113950341.0,85.5897,82.97,86.24,87.27,82.16,861805
2025-03-17 04:00:00,99348869.0,86.8907,88.44,87.35,88.82,84.5,796454
2025-03-18 04:00:00,93236494.0,84.0379,85.78,83.89,86.1699,81.8,754240
2025-03-19 04:00:00,89797417.0,85.5996,84.55,86.1,87.99,82.86,631622
2025-03-20 04:00:00,105547414.0,87.5716,85.54,87.39,89.8,85.12,721132
2025-03-21 04:00:00,116748695.0,88.7843,85.85,90.96,91.07,84.46,777593
2025-03-24 04:00:00,112164708.0,95.6081,93.4,96.75,97.39,92.28,904824
2025-03-25 04:00:00,78015273.0,96.3363,97.22,96.5,98.17,95.08,621151
2025-03-26 04:00:00,82025237.0,93.2499,96.29,92.28,97.2999,90.82,712399
2025-03-27 04:00:00,82818443.0,91.7491,91.015,90.09,93.65,89.67,675959
2025-03-28 04:00:00,91091708.0,85.8241,89.34,85.85,89.38,84.1,763539
2025-03-31 04:00:00,108092868.0,82.546,80.0,84.4,84.65,78.75,900187
2025-04-01 04:00:00,78980662.0,83.8934,83.89,84.68,85.28,81.8201,660753
